pdb_id,chain,source_file,label_availability,prediction_score_availability,model_checkpoint_provenance,original_split_role,current_split_role,homology_cluster,pcna_related,train_overlap,validation_overlap,test_overlap,fine_tuning_overlap,checkpoint_selection_overlap,label_quality,structure_quality,n_residues,n_positive,positive_fraction,eligible,exclusion_reason
1A4U,unknown,archive/historical_desktop_gnn_pcna_202605_phase2_phase4/data/labels/label_manifest.json,True,False,historical/incompatible or absent,train-2,,,False,True,False,False,False,False,historical_only_unverified,historical_pointer_only,,40,,False,no frozen-checkpoint prediction scores available in active canonical calibration artifacts
1A8D,unknown,archive/historical_desktop_gnn_pcna_202605_phase2_phase4/data/labels/label_manifest.json,True,False,historical/incompatible or absent,train-3,,,False,True,False,False,False,False,historical_only_unverified,historical_pointer_only,,11,,False,no frozen-checkpoint prediction scores available in active canonical calibration artifacts
1AD1,unknown,archive/historical_desktop_gnn_pcna_202605_phase2_phase4/data/labels/label_manifest.json,True,False,historical/incompatible or absent,train-3,,,False,True,False,False,False,False,historical_only_unverified,historical_pointer_only,,20,,False,no frozen-checkpoint prediction scores available in active canonical calibration artifacts
1AK1,unknown,archive/historical_desktop_gnn_pcna_202605_phase2_phase4/data/labels/label_manifest.json,True,False,historical/incompatible or absent,train-3,,,False,True,False,False,False,False,historical_only_unverified,historical_pointer_only,,17,,False,no frozen-checkpoint prediction scores available in active canonical calibration artifacts
1ARL,unknown,archive/historical_desktop_gnn_pcna_202605_phase2_phase4/data/labels/label_manifest.json,True,False,historical/incompatible or absent,test,,,False,False,False,True,False,False,historical_only_unverified,historical_pointer_only,,17,,False,no frozen-checkpoint prediction scores available in active canonical calibration artifacts
1AXC,unknown,data/raw_intake/pcna_structures/1AXC_metadata.json,False,False,absent,,,,True,False,False,False,True,True,none,structure_only,,,,False,PCNA/PCNA-family structure; forbidden for independent extraction selection
1AYL,unknown,archive/historical_desktop_gnn_pcna_202605_phase2_phase4/data/labels/label_manifest.json,True,False,historical/incompatible or absent,train-2,,,False,True,False,False,False,False,historical_only_unverified,historical_pointer_only,,2,,False,no frozen-checkpoint prediction scores available in active canonical calibration artifacts
1B0I,unknown,archive/historical_desktop_gnn_pcna_202605_phase2_phase4/data/labels/label_manifest.json,True,False,historical/incompatible or absent,train-3,,,False,True,False,False,False,False,historical_only_unverified,historical_pointer_only,,6,,False,no frozen-checkpoint prediction scores available in active canonical calibration artifacts
1BFN,unknown,archive/historical_desktop_gnn_pcna_202605_phase2_phase4/data/labels/label_manifest.json,True,False,historical/incompatible or absent,train-1,,,False,True,False,False,False,False,historical_only_unverified,historical_pointer_only,,15,,False,no frozen-checkpoint prediction scores available in active canonical calibration artifacts
1BHS,unknown,archive/historical_desktop_gnn_pcna_202605_phase2_phase4/data/labels/label_manifest.json,True,False,historical/incompatible or absent,train-2,,,False,True,False,False,False,False,historical_only_unverified,historical_pointer_only,,51,,False,no frozen-checkpoint prediction scores available in active canonical calibration artifacts
1BK2,unknown,archive/historical_desktop_gnn_pcna_202605_phase2_phase4/data/labels/label_manifest.json,True,False,historical/incompatible or absent,test,,,False,False,False,True,False,False,historical_only_unverified,historical_pointer_only,,5,,False,no frozen-checkpoint prediction scores available in active canonical calibration artifacts
1BYI,unknown,archive/historical_desktop_gnn_pcna_202605_phase2_phase4/data/labels/label_manifest.json,True,False,historical/incompatible or absent,train-0,,,False,True,False,False,False,False,historical_only_unverified,historical_pointer_only,,22,,False,no frozen-checkpoint prediction scores available in active canonical calibration artifacts
1BZJ,unknown,archive/historical_desktop_gnn_pcna_202605_phase2_phase4/data/labels/label_manifest.json,True,False,historical/incompatible or absent,test,,,False,False,False,True,False,False,historical_only_unverified,historical_pointer_only,,56,,False,no frozen-checkpoint prediction scores available in active canonical calibration artifacts
1C3I,unknown,data/results/split_integrity_520.json,True,False,absent,,train,comp_0048,False,True,False,False,False,False,canonical_non_degenerate,canonical_graph_record,343,17,0.04956268146634102,False,no frozen-checkpoint prediction scores available in active canonical calibration artifacts
1C3K,unknown,archive/historical_desktop_gnn_pcna_202605_phase2_phase4/data/labels/label_manifest.json,True,False,historical/incompatible or absent,train-3,,,False,True,False,False,False,False,historical_only_unverified,historical_pointer_only,,3,,False,no frozen-checkpoint prediction scores available in active canonical calibration artifacts
1CUZ,unknown,archive/historical_desktop_gnn_pcna_202605_phase2_phase4/data/labels/label_manifest.json,True,False,historical/incompatible or absent,train-2,,,False,True,False,False,False,False,historical_only_unverified,historical_pointer_only,,6,,False,no frozen-checkpoint prediction scores available in active canonical calibration artifacts
1CWQ,unknown,archive/historical_desktop_gnn_pcna_202605_phase2_phase4/data/labels/label_manifest.json,True,False,historical/incompatible or absent,test,,,False,False,False,True,False,False,historical_only_unverified,historical_pointer_only,,6,,False,no frozen-checkpoint prediction scores available in active canonical calibration artifacts
1D09,unknown,data/results/split_integrity_520.json,True,False,absent,,train,comp_0047,False,True,False,False,False,False,canonical_non_degenerate,canonical_graph_record,926,24,0.02591792680323124,False,no frozen-checkpoint prediction scores available in active canonical calibration artifacts
1D7K,unknown,archive/historical_desktop_gnn_pcna_202605_phase2_phase4/data/labels/label_manifest.json,True,False,historical/incompatible or absent,train-1,,,False,True,False,False,False,False,historical_only_unverified,historical_pointer_only,,0,,False,no frozen-checkpoint prediction scores available in active canonical calibration artifacts
1DC6,unknown,archive/historical_desktop_gnn_pcna_202605_phase2_phase4/data/labels/label_manifest.json,True,False,historical/incompatible or absent,train-2,,,False,True,False,False,False,False,historical_only_unverified,historical_pointer_only,,11,,False,no frozen-checkpoint prediction scores available in active canonical calibration artifacts
1DKL,unknown,archive/historical_desktop_gnn_pcna_202605_phase2_phase4/data/labels/label_manifest.json,True,False,historical/incompatible or absent,train-3,,,False,True,False,False,False,False,historical_only_unverified,historical_pointer_only,,16,,False,no frozen-checkpoint prediction scores available in active canonical calibration artifacts
1DPJ,unknown,archive/historical_desktop_gnn_pcna_202605_phase2_phase4/data/labels/label_manifest.json,True,False,historical/incompatible or absent,train-1,,,False,True,False,False,False,False,historical_only_unverified,historical_pointer_only,,29,,False,no frozen-checkpoint prediction scores available in active canonical calibration artifacts
1DQ2,unknown,archive/historical_desktop_gnn_pcna_202605_phase2_phase4/data/labels/label_manifest.json,True,False,historical/incompatible or absent,test,,,False,False,False,True,False,False,historical_only_unverified,historical_pointer_only,,11,,False,no frozen-checkpoint prediction scores available in active canonical calibration artifacts
1DQZ,unknown,archive/historical_desktop_gnn_pcna_202605_phase2_phase4/data/labels/label_manifest.json,True,False,historical/incompatible or absent,train-0,,,False,True,False,False,False,False,historical_only_unverified,historical_pointer_only,,26,,False,no frozen-checkpoint prediction scores available in active canonical calibration artifacts
1DTE,unknown,archive/historical_desktop_gnn_pcna_202605_phase2_phase4/data/labels/label_manifest.json,True,False,historical/incompatible or absent,train-3,,,False,True,False,False,False,False,historical_only_unverified,historical_pointer_only,,19,,False,no frozen-checkpoint prediction scores available in active canonical calibration artifacts
1E3G,unknown,archive/historical_desktop_gnn_pcna_202605_phase2_phase4/data/labels/label_manifest.json,True,False,historical/incompatible or absent,train-3,,,False,True,False,False,False,False,historical_only_unverified,historical_pointer_only,,6,,False,no frozen-checkpoint prediction scores available in active canonical calibration artifacts
1E3V,unknown,data/results/split_integrity_520.json,True,False,absent,,train,comp_0046,False,True,False,False,False,False,canonical_non_degenerate,canonical_graph_record,257,12,0.046692606061697006,False,no frozen-checkpoint prediction scores available in active canonical calibration artifacts
1E5L,unknown,archive/historical_desktop_gnn_pcna_202605_phase2_phase4/data/labels/label_manifest.json,True,False,historical/incompatible or absent,train-0,,,False,True,False,False,False,False,historical_only_unverified,historical_pointer_only,,41,,False,no frozen-checkpoint prediction scores available in active canonical calibration artifacts
1E6K,unknown,archive/historical_desktop_gnn_pcna_202605_phase2_phase4/data/labels/label_manifest.json,True,False,historical/incompatible or absent,test,,,False,False,False,True,False,False,historical_only_unverified,historical_pointer_only,,9,,False,no frozen-checkpoint prediction scores available in active canonical calibration artifacts
1ECC,unknown,archive/historical_desktop_gnn_pcna_202605_phase2_phase4/data/labels/label_manifest.json,True,False,historical/incompatible or absent,train-2,,,False,True,False,False,False,False,historical_only_unverified,historical_pointer_only,,5,,False,no frozen-checkpoint prediction scores available in active canonical calibration artifacts
1EFH,unknown,archive/historical_desktop_gnn_pcna_202605_phase2_phase4/data/labels/label_manifest.json,True,False,historical/incompatible or absent,train-0,,,False,True,False,False,False,False,historical_only_unverified,historical_pointer_only,,19,,False,no frozen-checkpoint prediction scores available in active canonical calibration artifacts
1ESW,unknown,archive/historical_desktop_gnn_pcna_202605_phase2_phase4/data/labels/label_manifest.json,True,False,historical/incompatible or absent,train-1,,,False,True,False,False,False,False,historical_only_unverified,historical_pointer_only,,12,,False,no frozen-checkpoint prediction scores available in active canonical calibration artifacts
1EVY,unknown,archive/historical_desktop_gnn_pcna_202605_phase2_phase4/data/labels/label_manifest.json,True,False,historical/incompatible or absent,test,,,False,False,False,True,False,False,historical_only_unverified,historical_pointer_only,,33,,False,no frozen-checkpoint prediction scores available in active canonical calibration artifacts
1EZL,unknown,archive/historical_desktop_gnn_pcna_202605_phase2_phase4/data/labels/label_manifest.json,True,False,historical/incompatible or absent,train-0,,,False,True,False,False,False,False,historical_only_unverified,historical_pointer_only,,8,,False,no frozen-checkpoint prediction scores available in active canonical calibration artifacts
1F47,unknown,archive/historical_desktop_gnn_pcna_202605_phase2_phase4/data/labels/label_manifest.json,True,False,historical/incompatible or absent,train-0,,,False,True,False,False,False,False,historical_only_unverified,historical_pointer_only,,14,,False,no frozen-checkpoint prediction scores available in active canonical calibration artifacts
1F8A,unknown,archive/historical_desktop_gnn_pcna_202605_phase2_phase4/data/labels/label_manifest.json,True,False,historical/incompatible or absent,train-1,,,False,True,False,False,False,False,historical_only_unverified,historical_pointer_only,,18,,False,no frozen-checkpoint prediction scores available in active canonical calibration artifacts
1FBO,unknown,data/results/split_integrity_520.json,True,False,absent,,train,comp_0045,False,True,False,False,False,False,canonical_non_degenerate,canonical_graph_record,629,5,0.007949125953018665,False,no frozen-checkpoint prediction scores available in active canonical calibration artifacts
1FD4,unknown,archive/historical_desktop_gnn_pcna_202605_phase2_phase4/data/labels/label_manifest.json,True,False,historical/incompatible or absent,test,,,False,False,False,True,False,False,historical_only_unverified,historical_pointer_only,,0,,False,no frozen-checkpoint prediction scores available in active canonical calibration artifacts
1FD9,unknown,archive/historical_desktop_gnn_pcna_202605_phase2_phase4/data/labels/label_manifest.json,True,False,historical/incompatible or absent,train-3,,,False,True,False,False,False,False,historical_only_unverified,historical_pointer_only,,14,,False,no frozen-checkpoint prediction scores available in active canonical calibration artifacts
1FDP,unknown,archive/historical_desktop_gnn_pcna_202605_phase2_phase4/data/labels/label_manifest.json,True,False,historical/incompatible or absent,train-0,,,False,True,False,False,False,False,historical_only_unverified,historical_pointer_only,,24,,False,no frozen-checkpoint prediction scores available in active canonical calibration artifacts
1FE6,unknown,archive/historical_desktop_gnn_pcna_202605_phase2_phase4/data/labels/label_manifest.json,True,False,historical/incompatible or absent,test,,,False,False,False,True,False,False,historical_only_unverified,historical_pointer_only,,0,,False,no frozen-checkpoint prediction scores available in active canonical calibration artifacts
1FFH,unknown,archive/historical_desktop_gnn_pcna_202605_phase2_phase4/data/labels/label_manifest.json,True,False,historical/incompatible or absent,train-0,,,False,True,False,False,False,False,historical_only_unverified,historical_pointer_only,,10,,False,no frozen-checkpoint prediction scores available in active canonical calibration artifacts
1FL1,unknown,archive/historical_desktop_gnn_pcna_202605_phase2_phase4/data/labels/label_manifest.json,True,False,historical/incompatible or absent,train-0,,,False,True,False,False,False,False,historical_only_unverified,historical_pointer_only,,21,,False,no frozen-checkpoint prediction scores available in active canonical calibration artifacts
1FVR,unknown,archive/historical_desktop_gnn_pcna_202605_phase2_phase4/data/labels/label_manifest.json,True,False,historical/incompatible or absent,train-3,,,False,True,False,False,False,False,historical_only_unverified,historical_pointer_only,,35,,False,no frozen-checkpoint prediction scores available in active canonical calibration artifacts
1FWK,unknown,archive/historical_desktop_gnn_pcna_202605_phase2_phase4/data/labels/label_manifest.json,True,False,historical/incompatible or absent,train-1,,,False,True,False,False,False,False,historical_only_unverified,historical_pointer_only,,13,,False,no frozen-checkpoint prediction scores available in active canonical calibration artifacts
1G0S,unknown,archive/historical_desktop_gnn_pcna_202605_phase2_phase4/data/labels/label_manifest.json,True,False,historical/incompatible or absent,train-1,,,False,True,False,False,False,False,historical_only_unverified,historical_pointer_only,,0,,False,no frozen-checkpoint prediction scores available in active canonical calibration artifacts
1G1M,unknown,archive/historical_desktop_gnn_pcna_202605_phase2_phase4/data/labels/label_manifest.json,True,False,historical/incompatible or absent,test,,,False,False,False,True,False,False,historical_only_unverified,historical_pointer_only,,0,,False,no frozen-checkpoint prediction scores available in active canonical calibration artifacts
1G1O,unknown,archive/historical_desktop_gnn_pcna_202605_phase2_phase4/data/labels/label_manifest.json,True,False,historical/incompatible or absent,train-0,,,False,True,False,False,False,False,historical_only_unverified,historical_pointer_only,,0,,False,no frozen-checkpoint prediction scores available in active canonical calibration artifacts
1G24,unknown,archive/historical_desktop_gnn_pcna_202605_phase2_phase4/data/labels/label_manifest.json,True,False,historical/incompatible or absent,train-1,,,False,True,False,False,False,False,historical_only_unverified,historical_pointer_only,,26,,False,no frozen-checkpoint prediction scores available in active canonical calibration artifacts
1G59,unknown,archive/historical_desktop_gnn_pcna_202605_phase2_phase4/data/labels/label_manifest.json,True,False,historical/incompatible or absent,test,,,False,False,False,True,False,False,historical_only_unverified,historical_pointer_only,,15,,False,no frozen-checkpoint prediction scores available in active canonical calibration artifacts
1GE8,unknown,data/raw_intake/rcsb_pdb/1GE8_poly_entity.json,False,False,absent,,,,False,False,False,False,False,False,none,structure_only,,,,False,no machine-readable residue/pocket labels
1GQN,unknown,archive/historical_desktop_gnn_pcna_202605_phase2_phase4/data/labels/label_manifest.json,True,False,historical/incompatible or absent,train-3,,,False,True,False,False,False,False,historical_only_unverified,historical_pointer_only,,17,,False,no frozen-checkpoint prediction scores available in active canonical calibration artifacts
1GQY,A:468;B:469,data/results/split_integrity_520.json,True,True,frozen seed 42/43/44 go_prep checkpoints,,val,comp_0044,False,False,True,False,False,False,canonical_non_degenerate,canonical_graph_record,937,39,0.04162219911813736,True,
1GQZ,unknown,archive/historical_desktop_gnn_pcna_202605_phase2_phase4/data/labels/label_manifest.json,True,False,historical/incompatible or absent,train-2,,,False,True,False,False,False,False,historical_only_unverified,historical_pointer_only,,19,,False,no frozen-checkpoint prediction scores available in active canonical calibration artifacts
1H13,unknown,archive/historical_desktop_gnn_pcna_202605_phase2_phase4/data/labels/label_manifest.json,True,False,historical/incompatible or absent,test,,,False,False,False,True,False,False,historical_only_unverified,historical_pointer_only,,5,,False,no frozen-checkpoint prediction scores available in active canonical calibration artifacts
1H3G,unknown,archive/historical_desktop_gnn_pcna_202605_phase2_phase4/data/labels/label_manifest.json,True,False,historical/incompatible or absent,train-3,,,False,True,False,False,False,False,historical_only_unverified,historical_pointer_only,,20,,False,no frozen-checkpoint prediction scores available in active canonical calibration artifacts
1HAV,unknown,archive/historical_desktop_gnn_pcna_202605_phase2_phase4/data/labels/label_manifest.json,True,False,historical/incompatible or absent,train-1,,,False,True,False,False,False,False,historical_only_unverified,historical_pointer_only,,16,,False,no frozen-checkpoint prediction scores available in active canonical calibration artifacts
1HBQ,unknown,archive/historical_desktop_gnn_pcna_202605_phase2_phase4/data/labels/label_manifest.json,True,False,historical/incompatible or absent,train-2,,,False,True,False,False,False,False,historical_only_unverified,historical_pointer_only,,20,,False,no frozen-checkpoint prediction scores available in active canonical calibration artifacts
1HP1,unknown,archive/historical_desktop_gnn_pcna_202605_phase2_phase4/data/labels/label_manifest.json,True,False,historical/incompatible or absent,train-0,,,False,True,False,False,False,False,historical_only_unverified,historical_pointer_only,,10,,False,no frozen-checkpoint prediction scores available in active canonical calibration artifacts
1HT6,unknown,archive/historical_desktop_gnn_pcna_202605_phase2_phase4/data/labels/label_manifest.json,True,False,historical/incompatible or absent,train-1,,,False,True,False,False,False,False,historical_only_unverified,historical_pointer_only,,5,,False,no frozen-checkpoint prediction scores available in active canonical calibration artifacts
1I0R,unknown,archive/historical_desktop_gnn_pcna_202605_phase2_phase4/data/labels/label_manifest.json,True,False,historical/incompatible or absent,train-2,,,False,True,False,False,False,False,historical_only_unverified,historical_pointer_only,,24,,False,no frozen-checkpoint prediction scores available in active canonical calibration artifacts
1I7N,unknown,archive/historical_desktop_gnn_pcna_202605_phase2_phase4/data/labels/label_manifest.json,True,False,historical/incompatible or absent,test,,,False,False,False,True,False,False,historical_only_unverified,historical_pointer_only,,25,,False,no frozen-checkpoint prediction scores available in active canonical calibration artifacts
1I7S,unknown,archive/historical_desktop_gnn_pcna_202605_phase2_phase4/data/labels/label_manifest.json,True,False,historical/incompatible or absent,train-1,,,False,True,False,False,False,False,historical_only_unverified,historical_pointer_only,,0,,False,no frozen-checkpoint prediction scores available in active canonical calibration artifacts
1IWL,unknown,archive/historical_desktop_gnn_pcna_202605_phase2_phase4/data/labels/label_manifest.json,True,False,historical/incompatible or absent,train-2,,,False,True,False,False,False,False,historical_only_unverified,historical_pointer_only,,37,,False,no frozen-checkpoint prediction scores available in active canonical calibration artifacts
1IZ4,unknown,data/raw_intake/rcsb_pdb/1IZ4_metadata.json,False,False,absent,,,,False,False,False,False,False,False,none,structure_only,,,,False,no machine-readable residue/pocket labels
1IZ5,unknown,data/raw_intake/rcsb_pdb/1IZ5_metadata.json,False,False,absent,,,,False,False,False,False,False,False,none,structure_only,,,,False,no machine-readable residue/pocket labels
1J8F,unknown,archive/historical_desktop_gnn_pcna_202605_phase2_phase4/data/labels/label_manifest.json,True,False,historical/incompatible or absent,train-1,,,False,True,False,False,False,False,historical_only_unverified,historical_pointer_only,,59,,False,no frozen-checkpoint prediction scores available in active canonical calibration artifacts
1JBP,unknown,data/results/split_integrity_520.json,True,False,absent,,train,comp_0005,False,True,False,False,False,False,canonical_non_degenerate,canonical_graph_record,359,21,0.05849582329392433,False,no frozen-checkpoint prediction scores available in active canonical calibration artifacts
1JFL,unknown,archive/historical_desktop_gnn_pcna_202605_phase2_phase4/data/labels/label_manifest.json,True,False,historical/incompatible or absent,train-1,,,False,True,False,False,False,False,historical_only_unverified,historical_pointer_only,,0,,False,no frozen-checkpoint prediction scores available in active canonical calibration artifacts
1JLH,unknown,archive/historical_desktop_gnn_pcna_202605_phase2_phase4/data/labels/label_manifest.json,True,False,historical/incompatible or absent,train-1,,,False,True,False,False,False,False,historical_only_unverified,historical_pointer_only,,0,,False,no frozen-checkpoint prediction scores available in active canonical calibration artifacts
1JPM,unknown,archive/historical_desktop_gnn_pcna_202605_phase2_phase4/data/labels/label_manifest.json,True,False,historical/incompatible or absent,train-0,,,False,True,False,False,False,False,historical_only_unverified,historical_pointer_only,,11,,False,no frozen-checkpoint prediction scores available in active canonical calibration artifacts
1K0N,unknown,archive/historical_desktop_gnn_pcna_202605_phase2_phase4/data/labels/label_manifest.json,True,False,historical/incompatible or absent,train-0,,,False,True,False,False,False,False,historical_only_unverified,historical_pointer_only,,5,,False,no frozen-checkpoint prediction scores available in active canonical calibration artifacts
1K1X,unknown,archive/historical_desktop_gnn_pcna_202605_phase2_phase4/data/labels/label_manifest.json,True,False,historical/incompatible or absent,train-1,,,False,True,False,False,False,False,historical_only_unverified,historical_pointer_only,,8,,False,no frozen-checkpoint prediction scores available in active canonical calibration artifacts
1K3Y,unknown,data/results/split_integrity_520.json,True,False,absent,,train,comp_0043,False,True,False,False,False,False,canonical_non_degenerate,canonical_graph_record,442,28,0.06334841996431351,False,no frozen-checkpoint prediction scores available in active canonical calibration artifacts
1K47,unknown,archive/historical_desktop_gnn_pcna_202605_phase2_phase4/data/labels/label_manifest.json,True,False,historical/incompatible or absent,test,,,False,False,False,True,False,False,historical_only_unverified,historical_pointer_only,,14,,False,no frozen-checkpoint prediction scores available in active canonical calibration artifacts
1K4K,unknown,archive/historical_desktop_gnn_pcna_202605_phase2_phase4/data/labels/label_manifest.json,True,False,historical/incompatible or absent,train-2,,,False,True,False,False,False,False,historical_only_unverified,historical_pointer_only,,28,,False,no frozen-checkpoint prediction scores available in active canonical calibration artifacts
1K7K,unknown,archive/historical_desktop_gnn_pcna_202605_phase2_phase4/data/labels/label_manifest.json,True,False,historical/incompatible or absent,train-0,,,False,True,False,False,False,False,historical_only_unverified,historical_pointer_only,,24,,False,no frozen-checkpoint prediction scores available in active canonical calibration artifacts
1KG5,unknown,archive/historical_desktop_gnn_pcna_202605_phase2_phase4/data/labels/label_manifest.json,True,False,historical/incompatible or absent,train-0,,,False,True,False,False,False,False,historical_only_unverified,historical_pointer_only,,3,,False,no frozen-checkpoint prediction scores available in active canonical calibration artifacts
1KN9,unknown,archive/historical_desktop_gnn_pcna_202605_phase2_phase4/data/labels/label_manifest.json,True,False,historical/incompatible or absent,train-2,,,False,True,False,False,False,False,historical_only_unverified,historical_pointer_only,,17,,False,no frozen-checkpoint prediction scores available in active canonical calibration artifacts
1KS9,unknown,archive/historical_desktop_gnn_pcna_202605_phase2_phase4/data/labels/label_manifest.json,True,False,historical/incompatible or absent,train-2,,,False,True,False,False,False,False,historical_only_unverified,historical_pointer_only,,30,,False,no frozen-checkpoint prediction scores available in active canonical calibration artifacts
1KSG,unknown,archive/historical_desktop_gnn_pcna_202605_phase2_phase4/data/labels/label_manifest.json,True,False,historical/incompatible or absent,test,,,False,False,False,True,False,False,historical_only_unverified,historical_pointer_only,,31,,False,no frozen-checkpoint prediction scores available in active canonical calibration artifacts
1KX9,unknown,archive/historical_desktop_gnn_pcna_202605_phase2_phase4/data/labels/label_manifest.json,True,False,historical/incompatible or absent,test,,,False,False,False,True,False,False,historical_only_unverified,historical_pointer_only,,15,,False,no frozen-checkpoint prediction scores available in active canonical calibration artifacts
1KXR,unknown,archive/historical_desktop_gnn_pcna_202605_phase2_phase4/data/labels/label_manifest.json,True,False,historical/incompatible or absent,test,,,False,False,False,True,False,False,historical_only_unverified,historical_pointer_only,,19,,False,no frozen-checkpoint prediction scores available in active canonical calibration artifacts
1L0W,unknown,archive/historical_desktop_gnn_pcna_202605_phase2_phase4/data/labels/label_manifest.json,True,False,historical/incompatible or absent,train-0,,,False,True,False,False,False,False,historical_only_unverified,historical_pointer_only,,29,,False,no frozen-checkpoint prediction scores available in active canonical calibration artifacts
1LBE,unknown,archive/historical_desktop_gnn_pcna_202605_phase2_phase4/data/labels/label_manifest.json,True,False,historical/incompatible or absent,test,,,False,False,False,True,False,False,historical_only_unverified,historical_pointer_only,,20,,False,no frozen-checkpoint prediction scores available in active canonical calibration artifacts
1LJU,unknown,archive/historical_desktop_gnn_pcna_202605_phase2_phase4/data/labels/label_manifest.json,True,False,historical/incompatible or absent,train-3,,,False,True,False,False,False,False,historical_only_unverified,historical_pointer_only,,10,,False,no frozen-checkpoint prediction scores available in active canonical calibration artifacts
1LUG,unknown,archive/historical_desktop_gnn_pcna_202605_phase2_phase4/data/labels/label_manifest.json,True,False,historical/incompatible or absent,train-3,,,False,True,False,False,False,False,historical_only_unverified,historical_pointer_only,,15,,False,no frozen-checkpoint prediction scores available in active canonical calibration artifacts
1M17,unknown,data/results/split_integrity_520.json,True,False,absent,,test,comp_0004,False,False,False,True,False,False,canonical_non_degenerate,canonical_graph_record,312,16,0.05128205195069313,False,no frozen-checkpoint prediction scores available in active canonical calibration artifacts
1M1Z,unknown,archive/historical_desktop_gnn_pcna_202605_phase2_phase4/data/labels/label_manifest.json,True,False,historical/incompatible or absent,train-0,,,False,True,False,False,False,False,historical_only_unverified,historical_pointer_only,,12,,False,no frozen-checkpoint prediction scores available in active canonical calibration artifacts
1M5W,unknown,archive/historical_desktop_gnn_pcna_202605_phase2_phase4/data/labels/label_manifest.json,True,False,historical/incompatible or absent,test,,,False,False,False,True,False,False,historical_only_unverified,historical_pointer_only,,21,,False,no frozen-checkpoint prediction scores available in active canonical calibration artifacts
1MAC,unknown,archive/historical_desktop_gnn_pcna_202605_phase2_phase4/data/labels/label_manifest.json,True,False,historical/incompatible or absent,train-0,,,False,True,False,False,False,False,historical_only_unverified,historical_pointer_only,,7,,False,no frozen-checkpoint prediction scores available in active canonical calibration artifacts
1MHN,unknown,archive/historical_desktop_gnn_pcna_202605_phase2_phase4/data/labels/label_manifest.json,True,False,historical/incompatible or absent,train-1,,,False,True,False,False,False,False,historical_only_unverified,historical_pointer_only,,7,,False,no frozen-checkpoint prediction scores available in active canonical calibration artifacts
1MS4,unknown,archive/historical_desktop_gnn_pcna_202605_phase2_phase4/data/labels/label_manifest.json,True,False,historical/incompatible or absent,train-2,,,False,True,False,False,False,False,historical_only_unverified,historical_pointer_only,,3,,False,no frozen-checkpoint prediction scores available in active canonical calibration artifacts
1MUF,unknown,archive/historical_desktop_gnn_pcna_202605_phase2_phase4/data/labels/label_manifest.json,True,False,historical/incompatible or absent,train-0,,,False,True,False,False,False,False,historical_only_unverified,historical_pointer_only,,15,,False,no frozen-checkpoint prediction scores available in active canonical calibration artifacts
1MWK,unknown,archive/historical_desktop_gnn_pcna_202605_phase2_phase4/data/labels/label_manifest.json,True,False,historical/incompatible or absent,train-2,,,False,True,False,False,False,False,historical_only_unverified,historical_pointer_only,,21,,False,no frozen-checkpoint prediction scores available in active canonical calibration artifacts
1MWR,unknown,archive/historical_desktop_gnn_pcna_202605_phase2_phase4/data/labels/label_manifest.json,True,False,historical/incompatible or absent,train-1,,,False,True,False,False,False,False,historical_only_unverified,historical_pointer_only,,18,,False,no frozen-checkpoint prediction scores available in active canonical calibration artifacts
1N05,unknown,archive/historical_desktop_gnn_pcna_202605_phase2_phase4/data/labels/label_manifest.json,True,False,historical/incompatible or absent,train-0,,,False,True,False,False,False,False,historical_only_unverified,historical_pointer_only,,36,,False,no frozen-checkpoint prediction scores available in active canonical calibration artifacts
1NAW,unknown,archive/historical_desktop_gnn_pcna_202605_phase2_phase4/data/labels/label_manifest.json,True,False,historical/incompatible or absent,train-0,,,False,True,False,False,False,False,historical_only_unverified,historical_pointer_only,,39,,False,no frozen-checkpoint prediction scores available in active canonical calibration artifacts
1NBF,unknown,archive/historical_desktop_gnn_pcna_202605_phase2_phase4/data/labels/label_manifest.json,True,False,historical/incompatible or absent,train-0,,,False,True,False,False,False,False,historical_only_unverified,historical_pointer_only,,29,,False,no frozen-checkpoint prediction scores available in active canonical calibration artifacts
1ND7,unknown,archive/historical_desktop_gnn_pcna_202605_phase2_phase4/data/labels/label_manifest.json,True,False,historical/incompatible or absent,test,,,False,False,False,True,False,False,historical_only_unverified,historical_pointer_only,,4,,False,no frozen-checkpoint prediction scores available in active canonical calibration artifacts
1NKO,unknown,archive/historical_desktop_gnn_pcna_202605_phase2_phase4/data/labels/label_manifest.json,True,False,historical/incompatible or absent,train-0,,,False,True,False,False,False,False,historical_only_unverified,historical_pointer_only,,7,,False,no frozen-checkpoint prediction scores available in active canonical calibration artifacts
1NN6,unknown,archive/historical_desktop_gnn_pcna_202605_phase2_phase4/data/labels/label_manifest.json,True,False,historical/incompatible or absent,train-0,,,False,True,False,False,False,False,historical_only_unverified,historical_pointer_only,,20,,False,no frozen-checkpoint prediction scores available in active canonical calibration artifacts
1NOK,unknown,archive/historical_desktop_gnn_pcna_202605_phase2_phase4/data/labels/label_manifest.json,True,False,historical/incompatible or absent,train-3,,,False,True,False,False,False,False,historical_only_unverified,historical_pointer_only,,10,,False,no frozen-checkpoint prediction scores available in active canonical calibration artifacts
1NUL,unknown,archive/historical_desktop_gnn_pcna_202605_phase2_phase4/data/labels/label_manifest.json,True,False,historical/incompatible or absent,train-2,,,False,True,False,False,False,False,historical_only_unverified,historical_pointer_only,,8,,False,no frozen-checkpoint prediction scores available in active canonical calibration artifacts
1NWH,unknown,archive/historical_desktop_gnn_pcna_202605_phase2_phase4/data/labels/label_manifest.json,True,False,historical/incompatible or absent,train-0,,,False,True,False,False,False,False,historical_only_unverified,historical_pointer_only,,24,,False,no frozen-checkpoint prediction scores available in active canonical calibration artifacts
1NXM,unknown,archive/historical_desktop_gnn_pcna_202605_phase2_phase4/data/labels/label_manifest.json,True,False,historical/incompatible or absent,train-1,,,False,True,False,False,False,False,historical_only_unverified,historical_pointer_only,,0,,False,no frozen-checkpoint prediction scores available in active canonical calibration artifacts
1NZO,unknown,archive/historical_desktop_gnn_pcna_202605_phase2_phase4/data/labels/label_manifest.json,True,False,historical/incompatible or absent,train-1,,,False,True,False,False,False,False,historical_only_unverified,historical_pointer_only,,19,,False,no frozen-checkpoint prediction scores available in active canonical calibration artifacts
1O24,unknown,archive/historical_desktop_gnn_pcna_202605_phase2_phase4/data/labels/label_manifest.json,True,False,historical/incompatible or absent,train-3,,,False,True,False,False,False,False,historical_only_unverified,historical_pointer_only,,0,,False,no frozen-checkpoint prediction scores available in active canonical calibration artifacts
1O3P,unknown,data/results/split_integrity_520.json,True,False,absent,,train,comp_0003,False,True,False,False,False,False,canonical_non_degenerate,canonical_graph_record,254,23,0.09055118262767792,False,no frozen-checkpoint prediction scores available in active canonical calibration artifacts
1O62,unknown,archive/historical_desktop_gnn_pcna_202605_phase2_phase4/data/labels/label_manifest.json,True,False,historical/incompatible or absent,train-2,,,False,True,False,False,False,False,historical_only_unverified,historical_pointer_only,,0,,False,no frozen-checkpoint prediction scores available in active canonical calibration artifacts
1O73,unknown,archive/historical_desktop_gnn_pcna_202605_phase2_phase4/data/labels/label_manifest.json,True,False,historical/incompatible or absent,train-3,,,False,True,False,False,False,False,historical_only_unverified,historical_pointer_only,,5,,False,no frozen-checkpoint prediction scores available in active canonical calibration artifacts
1OF3,unknown,archive/historical_desktop_gnn_pcna_202605_phase2_phase4/data/labels/label_manifest.json,True,False,historical/incompatible or absent,train-2,,,False,True,False,False,False,False,historical_only_unverified,historical_pointer_only,,7,,False,no frozen-checkpoint prediction scores available in active canonical calibration artifacts
1OG2,unknown,data/results/split_integrity_520.json,True,False,absent,,train,comp_0042,False,True,False,False,False,False,canonical_non_degenerate,canonical_graph_record,922,44,0.04772234335541725,False,no frozen-checkpoint prediction scores available in active canonical calibration artifacts
1OIB,unknown,archive/historical_desktop_gnn_pcna_202605_phase2_phase4/data/labels/label_manifest.json,True,False,historical/incompatible or absent,train-1,,,False,True,False,False,False,False,historical_only_unverified,historical_pointer_only,,14,,False,no frozen-checkpoint prediction scores available in active canonical calibration artifacts
1OIN,unknown,data/results/split_integrity_520.json,True,False,absent,,train,comp_0041,False,True,False,False,False,False,canonical_degenerate,canonical_graph_record,885,3,0.003389830468222499,False,no frozen-checkpoint prediction scores available in active canonical calibration artifacts
1OMX,unknown,archive/historical_desktop_gnn_pcna_202605_phase2_phase4/data/labels/label_manifest.json,True,False,historical/incompatible or absent,train-0,,,False,True,False,False,False,False,historical_only_unverified,historical_pointer_only,,22,,False,no frozen-checkpoint prediction scores available in active canonical calibration artifacts
1ONE,unknown,data/results/split_integrity_520.json,True,False,absent,,train,comp_0002,False,True,False,False,False,False,canonical_non_degenerate,canonical_graph_record,872,16,0.01834862306714058,False,no frozen-checkpoint prediction scores available in active canonical calibration artifacts
1OS2,unknown,archive/historical_desktop_gnn_pcna_202605_phase2_phase4/data/labels/label_manifest.json,True,False,historical/incompatible or absent,train-0,,,False,True,False,False,False,False,historical_only_unverified,historical_pointer_only,,11,,False,no frozen-checkpoint prediction scores available in active canonical calibration artifacts
1OSJ,unknown,archive/historical_desktop_gnn_pcna_202605_phase2_phase4/data/labels/label_manifest.json,True,False,historical/incompatible or absent,train-1,,,False,True,False,False,False,False,historical_only_unverified,historical_pointer_only,,0,,False,no frozen-checkpoint prediction scores available in active canonical calibration artifacts
1P4O,unknown,archive/historical_desktop_gnn_pcna_202605_phase2_phase4/data/labels/label_manifest.json,True,False,historical/incompatible or absent,test,,,False,False,False,True,False,False,historical_only_unverified,historical_pointer_only,,28,,False,no frozen-checkpoint prediction scores available in active canonical calibration artifacts
1P4V,unknown,archive/historical_desktop_gnn_pcna_202605_phase2_phase4/data/labels/label_manifest.json,True,False,historical/incompatible or absent,test,,,False,False,False,True,False,False,historical_only_unverified,historical_pointer_only,,16,,False,no frozen-checkpoint prediction scores available in active canonical calibration artifacts
1P74,unknown,archive/historical_desktop_gnn_pcna_202605_phase2_phase4/data/labels/label_manifest.json,True,False,historical/incompatible or absent,train-1,,,False,True,False,False,False,False,historical_only_unverified,historical_pointer_only,,14,,False,no frozen-checkpoint prediction scores available in active canonical calibration artifacts
1P9O,unknown,archive/historical_desktop_gnn_pcna_202605_phase2_phase4/data/labels/label_manifest.json,True,False,historical/incompatible or absent,test,,,False,False,False,True,False,False,historical_only_unverified,historical_pointer_only,,16,,False,no frozen-checkpoint prediction scores available in active canonical calibration artifacts
1P9Y,unknown,data/results/split_integrity_520.json,True,False,absent,,train,comp_0040,False,True,False,False,False,False,canonical_non_degenerate,canonical_graph_record,234,14,0.05982905998826027,False,no frozen-checkpoint prediction scores available in active canonical calibration artifacts
1PDZ,unknown,data/results/split_integrity_520.json,True,False,absent,,train,comp_0002,False,True,False,False,False,False,canonical_non_degenerate,canonical_graph_record,433,6,0.013856813311576843,False,no frozen-checkpoint prediction scores available in active canonical calibration artifacts
1PFZ,unknown,archive/historical_desktop_gnn_pcna_202605_phase2_phase4/data/labels/label_manifest.json,True,False,historical/incompatible or absent,train-1,,,False,True,False,False,False,False,historical_only_unverified,historical_pointer_only,,35,,False,no frozen-checkpoint prediction scores available in active canonical calibration artifacts
1PT7,unknown,archive/historical_desktop_gnn_pcna_202605_phase2_phase4/data/labels/label_manifest.json,True,False,historical/incompatible or absent,train-0,,,False,True,False,False,False,False,historical_only_unverified,historical_pointer_only,,12,,False,no frozen-checkpoint prediction scores available in active canonical calibration artifacts
1PTA,unknown,archive/historical_desktop_gnn_pcna_202605_phase2_phase4/data/labels/label_manifest.json,True,False,historical/incompatible or absent,train-3,,,False,True,False,False,False,False,historical_only_unverified,historical_pointer_only,,15,,False,no frozen-checkpoint prediction scores available in active canonical calibration artifacts
1PU5,unknown,archive/historical_desktop_gnn_pcna_202605_phase2_phase4/data/labels/label_manifest.json,True,False,historical/incompatible or absent,test,,,False,False,False,True,False,False,historical_only_unverified,historical_pointer_only,,11,,False,no frozen-checkpoint prediction scores available in active canonical calibration artifacts
1PX5,unknown,archive/historical_desktop_gnn_pcna_202605_phase2_phase4/data/labels/label_manifest.json,True,False,historical/incompatible or absent,train-2,,,False,True,False,False,False,False,historical_only_unverified,historical_pointer_only,,15,,False,no frozen-checkpoint prediction scores available in active canonical calibration artifacts
1PY3,unknown,archive/historical_desktop_gnn_pcna_202605_phase2_phase4/data/labels/label_manifest.json,True,False,historical/incompatible or absent,train-0,,,False,True,False,False,False,False,historical_only_unverified,historical_pointer_only,,14,,False,no frozen-checkpoint prediction scores available in active canonical calibration artifacts
1PZO,unknown,data/results/split_integrity_520.json,True,False,absent,,train,comp_0039,False,True,False,False,False,False,canonical_non_degenerate,canonical_graph_record,263,19,0.0722433477640152,False,no frozen-checkpoint prediction scores available in active canonical calibration artifacts
1Q4K,unknown,archive/historical_desktop_gnn_pcna_202605_phase2_phase4/data/labels/label_manifest.json,True,False,historical/incompatible or absent,test,,,False,False,False,True,False,False,historical_only_unverified,historical_pointer_only,,13,,False,no frozen-checkpoint prediction scores available in active canonical calibration artifacts
1Q5H,unknown,data/results/split_integrity_520.json,True,False,absent,,train,comp_0038,False,True,False,False,False,False,canonical_non_degenerate,canonical_graph_record,405,48,0.11851851642131805,False,no frozen-checkpoint prediction scores available in active canonical calibration artifacts
1Q5V,unknown,archive/historical_desktop_gnn_pcna_202605_phase2_phase4/data/labels/label_manifest.json,True,False,historical/incompatible or absent,train-3,,,False,True,False,False,False,False,historical_only_unverified,historical_pointer_only,,0,,False,no frozen-checkpoint prediction scores available in active canonical calibration artifacts
1QHT,unknown,archive/historical_desktop_gnn_pcna_202605_phase2_phase4/data/labels/label_manifest.json,True,False,historical/incompatible or absent,train-0,,,False,True,False,False,False,False,historical_only_unverified,historical_pointer_only,,18,,False,no frozen-checkpoint prediction scores available in active canonical calibration artifacts
1QOH,unknown,archive/historical_desktop_gnn_pcna_202605_phase2_phase4/data/labels/label_manifest.json,True,False,historical/incompatible or absent,train-0,,,False,True,False,False,False,False,historical_only_unverified,historical_pointer_only,,0,,False,no frozen-checkpoint prediction scores available in active canonical calibration artifacts
1QRZ,unknown,archive/historical_desktop_gnn_pcna_202605_phase2_phase4/data/labels/label_manifest.json,True,False,historical/incompatible or absent,train-3,,,False,True,False,False,False,False,historical_only_unverified,historical_pointer_only,,37,,False,no frozen-checkpoint prediction scores available in active canonical calibration artifacts
1R3M,unknown,archive/historical_desktop_gnn_pcna_202605_phase2_phase4/data/labels/label_manifest.json,True,False,historical/incompatible or absent,test,,,False,False,False,True,False,False,historical_only_unverified,historical_pointer_only,,0,,False,no frozen-checkpoint prediction scores available in active canonical calibration artifacts
1R8J,unknown,archive/historical_desktop_gnn_pcna_202605_phase2_phase4/data/labels/label_manifest.json,True,False,historical/incompatible or absent,train-3,,,False,True,False,False,False,False,historical_only_unverified,historical_pointer_only,,10,,False,no frozen-checkpoint prediction scores available in active canonical calibration artifacts
1RF5,unknown,archive/historical_desktop_gnn_pcna_202605_phase2_phase4/data/labels/label_manifest.json,True,False,historical/incompatible or absent,train-3,,,False,True,False,False,False,False,historical_only_unverified,historical_pointer_only,,16,,False,no frozen-checkpoint prediction scores available in active canonical calibration artifacts
1RJB,unknown,archive/historical_desktop_gnn_pcna_202605_phase2_phase4/data/labels/label_manifest.json,True,False,historical/incompatible or absent,test,,,False,False,False,True,False,False,historical_only_unverified,historical_pointer_only,,16,,False,no frozen-checkpoint prediction scores available in active canonical calibration artifacts
1RKM,unknown,archive/historical_desktop_gnn_pcna_202605_phase2_phase4/data/labels/label_manifest.json,True,False,historical/incompatible or absent,train-3,,,False,True,False,False,False,False,historical_only_unverified,historical_pointer_only,,11,,False,no frozen-checkpoint prediction scores available in active canonical calibration artifacts
1RQ2,unknown,archive/historical_desktop_gnn_pcna_202605_phase2_phase4/data/labels/label_manifest.json,True,False,historical/incompatible or absent,train-3,,,False,True,False,False,False,False,historical_only_unverified,historical_pointer_only,,21,,False,no frozen-checkpoint prediction scores available in active canonical calibration artifacts
1RTC,unknown,archive/historical_desktop_gnn_pcna_202605_phase2_phase4/data/labels/label_manifest.json,True,False,historical/incompatible or absent,test,,,False,False,False,True,False,False,historical_only_unverified,historical_pointer_only,,6,,False,no frozen-checkpoint prediction scores available in active canonical calibration artifacts
1RWZ,unknown,data/raw_intake/rcsb_pdb/1RWZ.cif,False,False,absent,,,,False,False,False,False,False,False,none,structure_only,,,,False,no machine-readable residue/pocket labels
1RXD,unknown,archive/historical_desktop_gnn_pcna_202605_phase2_phase4/data/labels/label_manifest.json,True,False,historical/incompatible or absent,train-0,,,False,True,False,False,False,False,historical_only_unverified,historical_pointer_only,,7,,False,no frozen-checkpoint prediction scores available in active canonical calibration artifacts
1RXM,unknown,data/raw_intake/rcsb_pdb/1RXM_poly_entity.json,False,False,absent,,,,False,False,False,False,False,False,none,structure_only,,,,False,no machine-readable residue/pocket labels
1S2L,unknown,archive/historical_desktop_gnn_pcna_202605_phase2_phase4/data/labels/label_manifest.json,True,False,historical/incompatible or absent,train-1,,,False,True,False,False,False,False,historical_only_unverified,historical_pointer_only,,14,,False,no frozen-checkpoint prediction scores available in active canonical calibration artifacts
1S8C,unknown,archive/historical_desktop_gnn_pcna_202605_phase2_phase4/data/labels/label_manifest.json,True,False,historical/incompatible or absent,train-0,,,False,True,False,False,False,False,historical_only_unverified,historical_pointer_only,,28,,False,no frozen-checkpoint prediction scores available in active canonical calibration artifacts
1SE8,unknown,archive/historical_desktop_gnn_pcna_202605_phase2_phase4/data/labels/label_manifest.json,True,False,historical/incompatible or absent,test,,,False,False,False,True,False,False,historical_only_unverified,historical_pointer_only,,3,,False,no frozen-checkpoint prediction scores available in active canonical calibration artifacts
1SH0,unknown,archive/historical_desktop_gnn_pcna_202605_phase2_phase4/data/labels/label_manifest.json,True,False,historical/incompatible or absent,train-0,,,False,True,False,False,False,False,historical_only_unverified,historical_pointer_only,,17,,False,no frozen-checkpoint prediction scores available in active canonical calibration artifacts
1SJS,unknown,archive/historical_desktop_gnn_pcna_202605_phase2_phase4/data/labels/label_manifest.json,True,False,historical/incompatible or absent,train-1,,,False,True,False,False,False,False,historical_only_unverified,historical_pointer_only,,31,,False,no frozen-checkpoint prediction scores available in active canonical calibration artifacts
1SND,unknown,archive/historical_desktop_gnn_pcna_202605_phase2_phase4/data/labels/label_manifest.json,True,False,historical/incompatible or absent,train-3,,,False,True,False,False,False,False,historical_only_unverified,historical_pointer_only,,13,,False,no frozen-checkpoint prediction scores available in active canonical calibration artifacts
1SQO,unknown,data/results/split_integrity_520.json,True,False,absent,,train,comp_0003,False,True,False,False,False,False,canonical_non_degenerate,canonical_graph_record,245,16,0.06530611962080002,False,no frozen-checkpoint prediction scores available in active canonical calibration artifacts
1SQS,unknown,archive/historical_desktop_gnn_pcna_202605_phase2_phase4/data/labels/label_manifest.json,True,False,historical/incompatible or absent,train-1,,,False,True,False,False,False,False,historical_only_unverified,historical_pointer_only,,0,,False,no frozen-checkpoint prediction scores available in active canonical calibration artifacts
1SUL,unknown,archive/historical_desktop_gnn_pcna_202605_phase2_phase4/data/labels/label_manifest.json,True,False,historical/incompatible or absent,train-2,,,False,True,False,False,False,False,historical_only_unverified,historical_pointer_only,,15,,False,no frozen-checkpoint prediction scores available in active canonical calibration artifacts
1T8T,unknown,archive/historical_desktop_gnn_pcna_202605_phase2_phase4/data/labels/label_manifest.json,True,False,historical/incompatible or absent,train-3,,,False,True,False,False,False,False,historical_only_unverified,historical_pointer_only,,3,,False,no frozen-checkpoint prediction scores available in active canonical calibration artifacts
1T9R,unknown,archive/historical_desktop_gnn_pcna_202605_phase2_phase4/data/labels/label_manifest.json,True,False,historical/incompatible or absent,train-0,,,False,True,False,False,False,False,historical_only_unverified,historical_pointer_only,,18,,False,no frozen-checkpoint prediction scores available in active canonical calibration artifacts
1THV,unknown,archive/historical_desktop_gnn_pcna_202605_phase2_phase4/data/labels/label_manifest.json,True,False,historical/incompatible or absent,train-1,,,False,True,False,False,False,False,historical_only_unverified,historical_pointer_only,,5,,False,no frozen-checkpoint prediction scores available in active canonical calibration artifacts
1TJV,unknown,archive/historical_desktop_gnn_pcna_202605_phase2_phase4/data/labels/label_manifest.json,True,False,historical/incompatible or absent,train-0,,,False,True,False,False,False,False,historical_only_unverified,historical_pointer_only,,0,,False,no frozen-checkpoint prediction scores available in active canonical calibration artifacts
1TMI,unknown,archive/historical_desktop_gnn_pcna_202605_phase2_phase4/data/labels/label_manifest.json,True,False,historical/incompatible or absent,test,,,False,False,False,True,False,False,historical_only_unverified,historical_pointer_only,,0,,False,no frozen-checkpoint prediction scores available in active canonical calibration artifacts
1TPL,unknown,archive/historical_desktop_gnn_pcna_202605_phase2_phase4/data/labels/label_manifest.json,True,False,historical/incompatible or absent,train-1,,,False,True,False,False,False,False,historical_only_unverified,historical_pointer_only,,11,,False,no frozen-checkpoint prediction scores available in active canonical calibration artifacts
1TQD,unknown,archive/historical_desktop_gnn_pcna_202605_phase2_phase4/data/labels/label_manifest.json,True,False,historical/incompatible or absent,train-3,,,False,True,False,False,False,False,historical_only_unverified,historical_pointer_only,,21,,False,no frozen-checkpoint prediction scores available in active canonical calibration artifacts
1TQN,unknown,archive/historical_desktop_gnn_pcna_202605_phase2_phase4/data/labels/label_manifest.json,True,False,historical/incompatible or absent,train-2,,,False,True,False,False,False,False,historical_only_unverified,historical_pointer_only,,7,,False,no frozen-checkpoint prediction scores available in active canonical calibration artifacts
1U4P,unknown,archive/historical_desktop_gnn_pcna_202605_phase2_phase4/data/labels/label_manifest.json,True,False,historical/incompatible or absent,train-3,,,False,True,False,False,False,False,historical_only_unverified,historical_pointer_only,,6,,False,no frozen-checkpoint prediction scores available in active canonical calibration artifacts
1U76,unknown,results/per_structure/summary_table.csv,False,False,absent,,,,True,False,False,False,True,True,none,historical_pointer_only,,,,False,PCNA/PCNA-family structure; forbidden for independent extraction selection
1U7B,unknown,results/per_structure/summary_table.csv,False,False,absent,,,,True,False,False,False,True,True,none,historical_pointer_only,,,,False,PCNA/PCNA-family structure; forbidden for independent extraction selection
1UD9,unknown,data/raw_intake/rcsb_pdb/1UD9_metadata.json,False,False,absent,,,,False,False,False,False,False,False,none,structure_only,,,,False,no machine-readable residue/pocket labels
1UIU,unknown,archive/historical_desktop_gnn_pcna_202605_phase2_phase4/data/labels/label_manifest.json,True,False,historical/incompatible or absent,train-3,,,False,True,False,False,False,False,historical_only_unverified,historical_pointer_only,,15,,False,no frozen-checkpoint prediction scores available in active canonical calibration artifacts
1UKA,unknown,archive/historical_desktop_gnn_pcna_202605_phase2_phase4/data/labels/label_manifest.json,True,False,historical/incompatible or absent,test,,,False,False,False,True,False,False,historical_only_unverified,historical_pointer_only,,6,,False,no frozen-checkpoint prediction scores available in active canonical calibration artifacts
1UL1,unknown,data/raw_intake/pcna_structures/1UL1_poly_entity.json,False,False,absent,,,,True,False,False,False,True,True,none,structure_only,,,,False,PCNA/PCNA-family structure; forbidden for independent extraction selection
1UMF,unknown,archive/historical_desktop_gnn_pcna_202605_phase2_phase4/data/labels/label_manifest.json,True,False,historical/incompatible or absent,train-0,,,False,True,False,False,False,False,historical_only_unverified,historical_pointer_only,,0,,False,no frozen-checkpoint prediction scores available in active canonical calibration artifacts
1UN1,unknown,archive/historical_desktop_gnn_pcna_202605_phase2_phase4/data/labels/label_manifest.json,True,False,historical/incompatible or absent,train-0,,,False,True,False,False,False,False,historical_only_unverified,historical_pointer_only,,10,,False,no frozen-checkpoint prediction scores available in active canonical calibration artifacts
1URP,unknown,archive/historical_desktop_gnn_pcna_202605_phase2_phase4/data/labels/label_manifest.json,True,False,historical/incompatible or absent,train-1,,,False,True,False,False,False,False,historical_only_unverified,historical_pointer_only,,16,,False,no frozen-checkpoint prediction scores available in active canonical calibration artifacts
1UTE,unknown,archive/historical_desktop_gnn_pcna_202605_phase2_phase4/data/labels/label_manifest.json,True,False,historical/incompatible or absent,test,,,False,False,False,True,False,False,historical_only_unverified,historical_pointer_only,,8,,False,no frozen-checkpoint prediction scores available in active canonical calibration artifacts
1V48,unknown,data/results/split_integrity_520.json,True,False,absent,,train,comp_0037,False,True,False,False,False,False,canonical_non_degenerate,canonical_graph_record,261,16,0.061302680522203445,False,no frozen-checkpoint prediction scores available in active canonical calibration artifacts
1VJU,unknown,archive/historical_desktop_gnn_pcna_202605_phase2_phase4/data/labels/label_manifest.json,True,False,historical/incompatible or absent,train-0,,,False,True,False,False,False,False,historical_only_unverified,historical_pointer_only,,10,,False,no frozen-checkpoint prediction scores available in active canonical calibration artifacts
1VK4,unknown,archive/historical_desktop_gnn_pcna_202605_phase2_phase4/data/labels/label_manifest.json,True,False,historical/incompatible or absent,train-3,,,False,True,False,False,False,False,historical_only_unverified,historical_pointer_only,,9,,False,no frozen-checkpoint prediction scores available in active canonical calibration artifacts
1VR2,unknown,archive/historical_desktop_gnn_pcna_202605_phase2_phase4/data/labels/label_manifest.json,True,False,historical/incompatible or absent,train-1,,,False,True,False,False,False,False,historical_only_unverified,historical_pointer_only,,34,,False,no frozen-checkpoint prediction scores available in active canonical calibration artifacts
1VR6,unknown,archive/historical_desktop_gnn_pcna_202605_phase2_phase4/data/labels/label_manifest.json,True,False,historical/incompatible or absent,train-2,,,False,True,False,False,False,False,historical_only_unverified,historical_pointer_only,,0,,False,no frozen-checkpoint prediction scores available in active canonical calibration artifacts
1VSN,unknown,archive/historical_desktop_gnn_pcna_202605_phase2_phase4/data/labels/label_manifest.json,True,False,historical/incompatible or absent,test,,,False,False,False,True,False,False,historical_only_unverified,historical_pointer_only,,5,,False,no frozen-checkpoint prediction scores available in active canonical calibration artifacts
1VYJ,unknown,data/raw_intake/pcna_structures/1VYJ_poly_entity.json,False,False,absent,,,,True,False,False,False,True,True,none,structure_only,,,,False,PCNA/PCNA-family structure; forbidden for independent extraction selection
1VYM,unknown,results/per_structure/summary_table.csv,False,False,absent,,,,True,False,False,False,True,True,none,historical_pointer_only,,,,False,PCNA/PCNA-family structure; forbidden for independent extraction selection
1W60,A:255;B:255,data/raw/1W60.pdb,False,True,frozen seed 42/43/44 go_prep checkpoints,,,,True,False,False,False,True,True,none,structure_only,,,,False,PCNA/PCNA-family structure; forbidden for independent extraction selection
1W61,unknown,,False,False,absent,,,,True,False,False,False,True,True,none,historical_pointer_only,,,,False,PCNA/PCNA-family structure; forbidden for independent extraction selection
1W63,unknown,data/raw_intake/pcna_structures/1W63_poly_entity.json,False,False,absent,,,,True,False,False,False,True,True,none,structure_only,,,,False,PCNA/PCNA-family structure; forbidden for independent extraction selection
1WAM,unknown,archive/historical_desktop_gnn_pcna_202605_phase2_phase4/data/labels/label_manifest.json,True,False,historical/incompatible or absent,train-2,,,False,True,False,False,False,False,historical_only_unverified,historical_pointer_only,,15,,False,no frozen-checkpoint prediction scores available in active canonical calibration artifacts
1WJG,unknown,archive/historical_desktop_gnn_pcna_202605_phase2_phase4/data/labels/label_manifest.json,True,False,historical/incompatible or absent,train-3,,,False,True,False,False,False,False,historical_only_unverified,historical_pointer_only,,24,,False,no frozen-checkpoint prediction scores available in active canonical calibration artifacts
1WXE,unknown,archive/historical_desktop_gnn_pcna_202605_phase2_phase4/data/labels/label_manifest.json,True,False,historical/incompatible or absent,train-0,,,False,True,False,False,False,False,historical_only_unverified,historical_pointer_only,,14,,False,no frozen-checkpoint prediction scores available in active canonical calibration artifacts
1WYC,unknown,archive/historical_desktop_gnn_pcna_202605_phase2_phase4/data/labels/label_manifest.json,True,False,historical/incompatible or absent,train-1,,,False,True,False,False,False,False,historical_only_unverified,historical_pointer_only,,21,,False,no frozen-checkpoint prediction scores available in active canonical calibration artifacts
1WZL,unknown,archive/historical_desktop_gnn_pcna_202605_phase2_phase4/data/labels/label_manifest.json,True,False,historical/incompatible or absent,train-3,,,False,True,False,False,False,False,historical_only_unverified,historical_pointer_only,,0,,False,no frozen-checkpoint prediction scores available in active canonical calibration artifacts
1X0M,unknown,archive/historical_desktop_gnn_pcna_202605_phase2_phase4/data/labels/label_manifest.json,True,False,historical/incompatible or absent,train-0,,,False,True,False,False,False,False,historical_only_unverified,historical_pointer_only,,10,,False,no frozen-checkpoint prediction scores available in active canonical calibration artifacts
1X2G,unknown,archive/historical_desktop_gnn_pcna_202605_phase2_phase4/data/labels/label_manifest.json,True,False,historical/incompatible or absent,test,,,False,False,False,True,False,False,historical_only_unverified,historical_pointer_only,,15,,False,no frozen-checkpoint prediction scores available in active canonical calibration artifacts
1XGD,unknown,archive/historical_desktop_gnn_pcna_202605_phase2_phase4/data/labels/label_manifest.json,True,False,historical/incompatible or absent,test,,,False,False,False,True,False,False,historical_only_unverified,historical_pointer_only,,51,,False,no frozen-checkpoint prediction scores available in active canonical calibration artifacts
1XHX,unknown,archive/historical_desktop_gnn_pcna_202605_phase2_phase4/data/labels/label_manifest.json,True,False,historical/incompatible or absent,train-0,,,False,True,False,False,False,False,historical_only_unverified,historical_pointer_only,,15,,False,no frozen-checkpoint prediction scores available in active canonical calibration artifacts
1XHY,unknown,data/results/split_integrity_520.json,True,False,absent,,train,comp_0036,False,True,False,False,False,False,canonical_non_degenerate,canonical_graph_record,259,12,0.04633204638957977,False,no frozen-checkpoint prediction scores available in active canonical calibration artifacts
1XJF,unknown,archive/historical_desktop_gnn_pcna_202605_phase2_phase4/data/labels/label_manifest.json,True,False,historical/incompatible or absent,test,,,False,False,False,True,False,False,historical_only_unverified,historical_pointer_only,,15,,False,no frozen-checkpoint prediction scores available in active canonical calibration artifacts
1XKK,unknown,data/results/split_integrity_520.json,True,False,absent,,test,comp_0004,False,False,False,True,False,False,canonical_non_degenerate,canonical_graph_record,289,24,0.08304498344659805,False,no frozen-checkpoint prediction scores available in active canonical calibration artifacts
1XQV,unknown,archive/historical_desktop_gnn_pcna_202605_phase2_phase4/data/labels/label_manifest.json,True,False,historical/incompatible or absent,test,,,False,False,False,True,False,False,historical_only_unverified,historical_pointer_only,,22,,False,no frozen-checkpoint prediction scores available in active canonical calibration artifacts
1XQZ,unknown,archive/historical_desktop_gnn_pcna_202605_phase2_phase4/data/labels/label_manifest.json,True,False,historical/incompatible or absent,train-1,,,False,True,False,False,False,False,historical_only_unverified,historical_pointer_only,,26,,False,no frozen-checkpoint prediction scores available in active canonical calibration artifacts
1XT3,unknown,archive/historical_desktop_gnn_pcna_202605_phase2_phase4/data/labels/label_manifest.json,True,False,historical/incompatible or absent,train-3,,,False,True,False,False,False,False,historical_only_unverified,historical_pointer_only,,14,,False,no frozen-checkpoint prediction scores available in active canonical calibration artifacts
1XTC,unknown,archive/historical_desktop_gnn_pcna_202605_phase2_phase4/data/labels/label_manifest.json,True,False,historical/incompatible or absent,test,,,False,False,False,True,False,False,historical_only_unverified,historical_pointer_only,,18,,False,no frozen-checkpoint prediction scores available in active canonical calibration artifacts
1XXO,unknown,archive/historical_desktop_gnn_pcna_202605_phase2_phase4/data/labels/label_manifest.json,True,False,historical/incompatible or absent,test,,,False,False,False,True,False,False,historical_only_unverified,historical_pointer_only,,0,,False,no frozen-checkpoint prediction scores available in active canonical calibration artifacts
1Y6I,unknown,archive/historical_desktop_gnn_pcna_202605_phase2_phase4/data/labels/label_manifest.json,True,False,historical/incompatible or absent,train-1,,,False,True,False,False,False,False,historical_only_unverified,historical_pointer_only,,17,,False,no frozen-checkpoint prediction scores available in active canonical calibration artifacts
1YHV,unknown,archive/historical_desktop_gnn_pcna_202605_phase2_phase4/data/labels/label_manifest.json,True,False,historical/incompatible or absent,train-2,,,False,True,False,False,False,False,historical_only_unverified,historical_pointer_only,,26,,False,no frozen-checkpoint prediction scores available in active canonical calibration artifacts
1YL5,unknown,archive/historical_desktop_gnn_pcna_202605_phase2_phase4/data/labels/label_manifest.json,True,False,historical/incompatible or absent,train-3,,,False,True,False,False,False,False,historical_only_unverified,historical_pointer_only,,32,,False,no frozen-checkpoint prediction scores available in active canonical calibration artifacts
1YS0,unknown,archive/historical_desktop_gnn_pcna_202605_phase2_phase4/data/labels/label_manifest.json,True,False,historical/incompatible or absent,train-2,,,False,True,False,False,False,False,historical_only_unverified,historical_pointer_only,,7,,False,no frozen-checkpoint prediction scores available in active canonical calibration artifacts
1Z7G,unknown,archive/historical_desktop_gnn_pcna_202605_phase2_phase4/data/labels/label_manifest.json,True,False,historical/incompatible or absent,train-2,,,False,True,False,False,False,False,historical_only_unverified,historical_pointer_only,,33,,False,no frozen-checkpoint prediction scores available in active canonical calibration artifacts
1Z90,unknown,archive/historical_desktop_gnn_pcna_202605_phase2_phase4/data/labels/label_manifest.json,True,False,historical/incompatible or absent,train-2,,,False,True,False,False,False,False,historical_only_unverified,historical_pointer_only,,27,,False,no frozen-checkpoint prediction scores available in active canonical calibration artifacts
1ZC3,unknown,data/results/split_integrity_520.json,True,False,absent,,train,comp_0035,False,True,False,False,False,False,canonical_non_degenerate,canonical_graph_record,564,50,0.08865248411893845,False,no frozen-checkpoint prediction scores available in active canonical calibration artifacts
1ZM0,unknown,archive/historical_desktop_gnn_pcna_202605_phase2_phase4/data/labels/label_manifest.json,True,False,historical/incompatible or absent,test,,,False,False,False,True,False,False,historical_only_unverified,historical_pointer_only,,11,,False,no frozen-checkpoint prediction scores available in active canonical calibration artifacts
1ZN9,unknown,archive/historical_desktop_gnn_pcna_202605_phase2_phase4/data/labels/label_manifest.json,True,False,historical/incompatible or absent,train-3,,,False,True,False,False,False,False,historical_only_unverified,historical_pointer_only,,0,,False,no frozen-checkpoint prediction scores available in active canonical calibration artifacts
2A88,unknown,archive/historical_desktop_gnn_pcna_202605_phase2_phase4/data/labels/label_manifest.json,True,False,historical/incompatible or absent,train-2,,,False,True,False,False,False,False,historical_only_unverified,historical_pointer_only,,15,,False,no frozen-checkpoint prediction scores available in active canonical calibration artifacts
2AIR,unknown,archive/historical_desktop_gnn_pcna_202605_phase2_phase4/data/labels/label_manifest.json,True,False,historical/incompatible or absent,train-1,,,False,True,False,False,False,False,historical_only_unverified,historical_pointer_only,,26,,False,no frozen-checkpoint prediction scores available in active canonical calibration artifacts
2AKA,unknown,archive/historical_desktop_gnn_pcna_202605_phase2_phase4/data/labels/label_manifest.json,True,False,historical/incompatible or absent,test,,,False,False,False,True,False,False,historical_only_unverified,historical_pointer_only,,32,,False,no frozen-checkpoint prediction scores available in active canonical calibration artifacts
2AKR,unknown,archive/historical_desktop_gnn_pcna_202605_phase2_phase4/data/labels/label_manifest.json,True,False,historical/incompatible or absent,train-3,,,False,True,False,False,False,False,historical_only_unverified,historical_pointer_only,,5,,False,no frozen-checkpoint prediction scores available in active canonical calibration artifacts
2AM9,unknown,data/results/split_integrity_520.json,True,False,absent,,train,comp_0034,False,True,False,False,False,False,canonical_non_degenerate,canonical_graph_record,250,13,0.052000001072883606,False,no frozen-checkpoint prediction scores available in active canonical calibration artifacts
2AQZ,unknown,archive/historical_desktop_gnn_pcna_202605_phase2_phase4/data/labels/label_manifest.json,True,False,historical/incompatible or absent,train-1,,,False,True,False,False,False,False,historical_only_unverified,historical_pointer_only,,0,,False,no frozen-checkpoint prediction scores available in active canonical calibration artifacts
2B0J,unknown,archive/historical_desktop_gnn_pcna_202605_phase2_phase4/data/labels/label_manifest.json,True,False,historical/incompatible or absent,train-2,,,False,True,False,False,False,False,historical_only_unverified,historical_pointer_only,,7,,False,no frozen-checkpoint prediction scores available in active canonical calibration artifacts
2B3S,unknown,archive/historical_desktop_gnn_pcna_202605_phase2_phase4/data/labels/label_manifest.json,True,False,historical/incompatible or absent,train-1,,,False,True,False,False,False,False,historical_only_unverified,historical_pointer_only,,0,,False,no frozen-checkpoint prediction scores available in active canonical calibration artifacts
2B7C,unknown,archive/historical_desktop_gnn_pcna_202605_phase2_phase4/data/labels/label_manifest.json,True,False,historical/incompatible or absent,train-1,,,False,True,False,False,False,False,historical_only_unverified,historical_pointer_only,,6,,False,no frozen-checkpoint prediction scores available in active canonical calibration artifacts
2B8H,unknown,data/results/split_integrity_520.json,True,False,absent,,train,comp_0033,False,True,False,False,False,False,canonical_non_degenerate,canonical_graph_record,1552,63,0.04059278219938278,False,no frozen-checkpoint prediction scores available in active canonical calibration artifacts
2B98,unknown,archive/historical_desktop_gnn_pcna_202605_phase2_phase4/data/labels/label_manifest.json,True,False,historical/incompatible or absent,train-3,,,False,True,False,False,False,False,historical_only_unverified,historical_pointer_only,,0,,False,no frozen-checkpoint prediction scores available in active canonical calibration artifacts
2BEI,unknown,archive/historical_desktop_gnn_pcna_202605_phase2_phase4/data/labels/label_manifest.json,True,False,historical/incompatible or absent,train-1,,,False,True,False,False,False,False,historical_only_unverified,historical_pointer_only,,27,,False,no frozen-checkpoint prediction scores available in active canonical calibration artifacts
2BGC,unknown,archive/historical_desktop_gnn_pcna_202605_phase2_phase4/data/labels/label_manifest.json,True,False,historical/incompatible or absent,train-0,,,False,True,False,False,False,False,historical_only_unverified,historical_pointer_only,,0,,False,no frozen-checkpoint prediction scores available in active canonical calibration artifacts
2BIV,unknown,archive/historical_desktop_gnn_pcna_202605_phase2_phase4/data/labels/label_manifest.json,True,False,historical/incompatible or absent,train-0,,,False,True,False,False,False,False,historical_only_unverified,historical_pointer_only,,7,,False,no frozen-checkpoint prediction scores available in active canonical calibration artifacts
2BKM,unknown,data/results/split_integrity_520.json,True,False,absent,,train,comp_0032,False,True,False,False,False,False,canonical_degenerate,canonical_graph_record,256,0,0.0,False,no frozen-checkpoint prediction scores available in active canonical calibration artifacts
2BVA,unknown,archive/historical_desktop_gnn_pcna_202605_phase2_phase4/data/labels/label_manifest.json,True,False,historical/incompatible or absent,train-2,,,False,True,False,False,False,False,historical_only_unverified,historical_pointer_only,,18,,False,no frozen-checkpoint prediction scores available in active canonical calibration artifacts
2BY3,unknown,archive/historical_desktop_gnn_pcna_202605_phase2_phase4/data/labels/label_manifest.json,True,False,historical/incompatible or absent,train-1,,,False,True,False,False,False,False,historical_only_unverified,historical_pointer_only,,10,,False,no frozen-checkpoint prediction scores available in active canonical calibration artifacts
2BYP,unknown,archive/historical_desktop_gnn_pcna_202605_phase2_phase4/data/labels/label_manifest.json,True,False,historical/incompatible or absent,train-2,,,False,True,False,False,False,False,historical_only_unverified,historical_pointer_only,,0,,False,no frozen-checkpoint prediction scores available in active canonical calibration artifacts
2C3V,unknown,archive/historical_desktop_gnn_pcna_202605_phase2_phase4/data/labels/label_manifest.json,True,False,historical/incompatible or absent,train-2,,,False,True,False,False,False,False,historical_only_unverified,historical_pointer_only,,7,,False,no frozen-checkpoint prediction scores available in active canonical calibration artifacts
2C6G,unknown,archive/historical_desktop_gnn_pcna_202605_phase2_phase4/data/labels/label_manifest.json,True,False,historical/incompatible or absent,train-2,,,False,True,False,False,False,False,historical_only_unverified,historical_pointer_only,,3,,False,no frozen-checkpoint prediction scores available in active canonical calibration artifacts
2CAM,unknown,archive/historical_desktop_gnn_pcna_202605_phase2_phase4/data/labels/label_manifest.json,True,False,historical/incompatible or absent,train-1,,,False,True,False,False,False,False,historical_only_unverified,historical_pointer_only,,22,,False,no frozen-checkpoint prediction scores available in active canonical calibration artifacts
2CI4,unknown,archive/historical_desktop_gnn_pcna_202605_phase2_phase4/data/labels/label_manifest.json,True,False,historical/incompatible or absent,train-1,,,False,True,False,False,False,False,historical_only_unverified,historical_pointer_only,,15,,False,no frozen-checkpoint prediction scores available in active canonical calibration artifacts
2CKQ,unknown,archive/historical_desktop_gnn_pcna_202605_phase2_phase4/data/labels/label_manifest.json,True,False,historical/incompatible or absent,train-3,,,False,True,False,False,False,False,historical_only_unverified,historical_pointer_only,,17,,False,no frozen-checkpoint prediction scores available in active canonical calibration artifacts
2CL3,unknown,archive/historical_desktop_gnn_pcna_202605_phase2_phase4/data/labels/label_manifest.json,True,False,historical/incompatible or absent,train-0,,,False,True,False,False,False,False,historical_only_unverified,historical_pointer_only,,12,,False,no frozen-checkpoint prediction scores available in active canonical calibration artifacts
2CNN,unknown,data/results/split_integrity_520.json,True,False,absent,,val,comp_0031,False,False,True,False,False,False,canonical_degenerate,canonical_graph_record,253,4,0.015810277312994003,False,no frozen-checkpoint prediction scores available in active canonical calibration artifacts
2CZD,unknown,archive/historical_desktop_gnn_pcna_202605_phase2_phase4/data/labels/label_manifest.json,True,False,historical/incompatible or absent,test,,,False,False,False,True,False,False,historical_only_unverified,historical_pointer_only,,0,,False,no frozen-checkpoint prediction scores available in active canonical calibration artifacts
2D05,unknown,archive/historical_desktop_gnn_pcna_202605_phase2_phase4/data/labels/label_manifest.json,True,False,historical/incompatible or absent,test,,,False,False,False,True,False,False,historical_only_unverified,historical_pointer_only,,22,,False,no frozen-checkpoint prediction scores available in active canonical calibration artifacts
2D0T,unknown,archive/historical_desktop_gnn_pcna_202605_phase2_phase4/data/labels/label_manifest.json,True,False,historical/incompatible or absent,train-1,,,False,True,False,False,False,False,historical_only_unverified,historical_pointer_only,,6,,False,no frozen-checkpoint prediction scores available in active canonical calibration artifacts
2DFP,unknown,archive/historical_desktop_gnn_pcna_202605_phase2_phase4/data/labels/label_manifest.json,True,False,historical/incompatible or absent,test,,,False,False,False,True,False,False,historical_only_unverified,historical_pointer_only,,36,,False,no frozen-checkpoint prediction scores available in active canonical calibration artifacts
2DH4,unknown,archive/historical_desktop_gnn_pcna_202605_phase2_phase4/data/labels/label_manifest.json,True,False,historical/incompatible or absent,train-3,,,False,True,False,False,False,False,historical_only_unverified,historical_pointer_only,,16,,False,no frozen-checkpoint prediction scores available in active canonical calibration artifacts
2DTJ,unknown,archive/historical_desktop_gnn_pcna_202605_phase2_phase4/data/labels/label_manifest.json,True,False,historical/incompatible or absent,train-0,,,False,True,False,False,False,False,historical_only_unverified,historical_pointer_only,,0,,False,no frozen-checkpoint prediction scores available in active canonical calibration artifacts
2DXX,unknown,data/results/split_integrity_520.json,True,False,absent,,train,comp_0030,False,True,False,False,False,False,canonical_non_degenerate,canonical_graph_record,530,26,0.049056604504585266,False,no frozen-checkpoint prediction scores available in active canonical calibration artifacts
2E1C,unknown,archive/historical_desktop_gnn_pcna_202605_phase2_phase4/data/labels/label_manifest.json,True,False,historical/incompatible or absent,train-0,,,False,True,False,False,False,False,historical_only_unverified,historical_pointer_only,,17,,False,no frozen-checkpoint prediction scores available in active canonical calibration artifacts
2E2O,unknown,archive/historical_desktop_gnn_pcna_202605_phase2_phase4/data/labels/label_manifest.json,True,False,historical/incompatible or absent,train-3,,,False,True,False,False,False,False,historical_only_unverified,historical_pointer_only,,14,,False,no frozen-checkpoint prediction scores available in active canonical calibration artifacts
2E3K,unknown,archive/historical_desktop_gnn_pcna_202605_phase2_phase4/data/labels/label_manifest.json,True,False,historical/incompatible or absent,train-0,,,False,True,False,False,False,False,historical_only_unverified,historical_pointer_only,,21,,False,no frozen-checkpoint prediction scores available in active canonical calibration artifacts
2E3M,unknown,archive/historical_desktop_gnn_pcna_202605_phase2_phase4/data/labels/label_manifest.json,True,False,historical/incompatible or absent,train-2,,,False,True,False,False,False,False,historical_only_unverified,historical_pointer_only,,25,,False,no frozen-checkpoint prediction scores available in active canonical calibration artifacts
2E64,unknown,archive/historical_desktop_gnn_pcna_202605_phase2_phase4/data/labels/label_manifest.json,True,False,historical/incompatible or absent,train-2,,,False,True,False,False,False,False,historical_only_unverified,historical_pointer_only,,20,,False,no frozen-checkpoint prediction scores available in active canonical calibration artifacts
2E8Y,unknown,archive/historical_desktop_gnn_pcna_202605_phase2_phase4/data/labels/label_manifest.json,True,False,historical/incompatible or absent,train-1,,,False,True,False,False,False,False,historical_only_unverified,historical_pointer_only,,8,,False,no frozen-checkpoint prediction scores available in active canonical calibration artifacts
2EPL,unknown,archive/historical_desktop_gnn_pcna_202605_phase2_phase4/data/labels/label_manifest.json,True,False,historical/incompatible or absent,train-1,,,False,True,False,False,False,False,historical_only_unverified,historical_pointer_only,,11,,False,no frozen-checkpoint prediction scores available in active canonical calibration artifacts
2EUF,unknown,data/results/split_integrity_520.json,True,False,absent,,train,comp_0001,False,True,False,False,False,False,canonical_non_degenerate,canonical_graph_record,526,21,0.039923954755067825,False,no frozen-checkpoint prediction scores available in active canonical calibration artifacts
2EXX,unknown,archive/historical_desktop_gnn_pcna_202605_phase2_phase4/data/labels/label_manifest.json,True,False,historical/incompatible or absent,train-3,,,False,True,False,False,False,False,historical_only_unverified,historical_pointer_only,,39,,False,no frozen-checkpoint prediction scores available in active canonical calibration artifacts
2FEM,unknown,archive/historical_desktop_gnn_pcna_202605_phase2_phase4/data/labels/label_manifest.json,True,False,historical/incompatible or absent,test,,,False,False,False,True,False,False,historical_only_unverified,historical_pointer_only,,18,,False,no frozen-checkpoint prediction scores available in active canonical calibration artifacts
2FFY,unknown,archive/historical_desktop_gnn_pcna_202605_phase2_phase4/data/labels/label_manifest.json,True,False,historical/incompatible or absent,train-2,,,False,True,False,False,False,False,historical_only_unverified,historical_pointer_only,,9,,False,no frozen-checkpoint prediction scores available in active canonical calibration artifacts
2FHZ,unknown,archive/historical_desktop_gnn_pcna_202605_phase2_phase4/data/labels/label_manifest.json,True,False,historical/incompatible or absent,test,,,False,False,False,True,False,False,historical_only_unverified,historical_pointer_only,,14,,False,no frozen-checkpoint prediction scores available in active canonical calibration artifacts
2FIM,unknown,archive/historical_desktop_gnn_pcna_202605_phase2_phase4/data/labels/label_manifest.json,True,False,historical/incompatible or absent,train-1,,,False,True,False,False,False,False,historical_only_unverified,historical_pointer_only,,10,,False,no frozen-checkpoint prediction scores available in active canonical calibration artifacts
2FJY,unknown,archive/historical_desktop_gnn_pcna_202605_phase2_phase4/data/labels/label_manifest.json,True,False,historical/incompatible or absent,train-2,,,False,True,False,False,False,False,historical_only_unverified,historical_pointer_only,,21,,False,no frozen-checkpoint prediction scores available in active canonical calibration artifacts
2FK7,unknown,archive/historical_desktop_gnn_pcna_202605_phase2_phase4/data/labels/label_manifest.json,True,False,historical/incompatible or absent,train-0,,,False,True,False,False,False,False,historical_only_unverified,historical_pointer_only,,16,,False,no frozen-checkpoint prediction scores available in active canonical calibration artifacts
2FN9,unknown,archive/historical_desktop_gnn_pcna_202605_phase2_phase4/data/labels/label_manifest.json,True,False,historical/incompatible or absent,train-1,,,False,True,False,False,False,False,historical_only_unverified,historical_pointer_only,,13,,False,no frozen-checkpoint prediction scores available in active canonical calibration artifacts
2FP1,unknown,archive/historical_desktop_gnn_pcna_202605_phase2_phase4/data/labels/label_manifest.json,True,False,historical/incompatible or absent,train-3,,,False,True,False,False,False,False,historical_only_unverified,historical_pointer_only,,16,,False,no frozen-checkpoint prediction scores available in active canonical calibration artifacts
2FRS,unknown,archive/historical_desktop_gnn_pcna_202605_phase2_phase4/data/labels/label_manifest.json,True,False,historical/incompatible or absent,train-3,,,False,True,False,False,False,False,historical_only_unverified,historical_pointer_only,,11,,False,no frozen-checkpoint prediction scores available in active canonical calibration artifacts
2FYU,unknown,archive/historical_desktop_gnn_pcna_202605_phase2_phase4/data/labels/label_manifest.json,True,False,historical/incompatible or absent,train-2,,,False,True,False,False,False,False,historical_only_unverified,historical_pointer_only,,8,,False,no frozen-checkpoint prediction scores available in active canonical calibration artifacts
2G5L,unknown,archive/historical_desktop_gnn_pcna_202605_phase2_phase4/data/labels/label_manifest.json,True,False,historical/incompatible or absent,train-1,,,False,True,False,False,False,False,historical_only_unverified,historical_pointer_only,,38,,False,no frozen-checkpoint prediction scores available in active canonical calibration artifacts
2GCB,unknown,archive/historical_desktop_gnn_pcna_202605_phase2_phase4/data/labels/label_manifest.json,True,False,historical/incompatible or absent,train-2,,,False,True,False,False,False,False,historical_only_unverified,historical_pointer_only,,26,,False,no frozen-checkpoint prediction scores available in active canonical calibration artifacts
2GLL,unknown,archive/historical_desktop_gnn_pcna_202605_phase2_phase4/data/labels/label_manifest.json,True,False,historical/incompatible or absent,train-0,,,False,True,False,False,False,False,historical_only_unverified,historical_pointer_only,,0,,False,no frozen-checkpoint prediction scores available in active canonical calibration artifacts
2GME,unknown,archive/historical_desktop_gnn_pcna_202605_phase2_phase4/data/labels/label_manifest.json,True,False,historical/incompatible or absent,train-0,,,False,True,False,False,False,False,historical_only_unverified,historical_pointer_only,,14,,False,no frozen-checkpoint prediction scores available in active canonical calibration artifacts
2GZR,unknown,archive/historical_desktop_gnn_pcna_202605_phase2_phase4/data/labels/label_manifest.json,True,False,historical/incompatible or absent,train-3,,,False,True,False,False,False,False,historical_only_unverified,historical_pointer_only,,7,,False,no frozen-checkpoint prediction scores available in active canonical calibration artifacts
2H6D,unknown,archive/historical_desktop_gnn_pcna_202605_phase2_phase4/data/labels/label_manifest.json,True,False,historical/incompatible or absent,train-3,,,False,True,False,False,False,False,historical_only_unverified,historical_pointer_only,,20,,False,no frozen-checkpoint prediction scores available in active canonical calibration artifacts
2H7G,unknown,archive/historical_desktop_gnn_pcna_202605_phase2_phase4/data/labels/label_manifest.json,True,False,historical/incompatible or absent,train-2,,,False,True,False,False,False,False,historical_only_unverified,historical_pointer_only,,5,,False,no frozen-checkpoint prediction scores available in active canonical calibration artifacts
2H7S,unknown,archive/historical_desktop_gnn_pcna_202605_phase2_phase4/data/labels/label_manifest.json,True,False,historical/incompatible or absent,test,,,False,False,False,True,False,False,historical_only_unverified,historical_pointer_only,,11,,False,no frozen-checkpoint prediction scores available in active canonical calibration artifacts
2H98,unknown,archive/historical_desktop_gnn_pcna_202605_phase2_phase4/data/labels/label_manifest.json,True,False,historical/incompatible or absent,train-0,,,False,True,False,False,False,False,historical_only_unverified,historical_pointer_only,,13,,False,no frozen-checkpoint prediction scores available in active canonical calibration artifacts
2HE7,unknown,archive/historical_desktop_gnn_pcna_202605_phase2_phase4/data/labels/label_manifest.json,True,False,historical/incompatible or absent,train-0,,,False,True,False,False,False,False,historical_only_unverified,historical_pointer_only,,32,,False,no frozen-checkpoint prediction scores available in active canonical calibration artifacts
2HEU,unknown,archive/historical_desktop_gnn_pcna_202605_phase2_phase4/data/labels/label_manifest.json,True,False,historical/incompatible or absent,train-0,,,False,True,False,False,False,False,historical_only_unverified,historical_pointer_only,,14,,False,no frozen-checkpoint prediction scores available in active canonical calibration artifacts
2HF0,unknown,archive/historical_desktop_gnn_pcna_202605_phase2_phase4/data/labels/label_manifest.json,True,False,historical/incompatible or absent,train-2,,,False,True,False,False,False,False,historical_only_unverified,historical_pointer_only,,25,,False,no frozen-checkpoint prediction scores available in active canonical calibration artifacts
2HIG,unknown,archive/historical_desktop_gnn_pcna_202605_phase2_phase4/data/labels/label_manifest.json,True,False,historical/incompatible or absent,train-2,,,False,True,False,False,False,False,historical_only_unverified,historical_pointer_only,,17,,False,no frozen-checkpoint prediction scores available in active canonical calibration artifacts
2HII,unknown,data/raw_intake/rcsb_pdb/2HII_metadata.json,False,False,absent,,,,False,False,False,False,False,False,none,structure_only,,,,False,no machine-readable residue/pocket labels
2HIK,unknown,data/raw_intake/rcsb_pdb/2HIK_poly_entity.json,False,False,absent,,,,False,False,False,False,False,False,none,structure_only,,,,False,no machine-readable residue/pocket labels
2HNX,A:136,data/results/split_integrity_520.json,True,True,frozen seed 42/43/44 go_prep checkpoints,,val,comp_0029,False,False,True,False,False,False,canonical_non_degenerate,canonical_graph_record,136,9,0.06617647409439087,True,
2HQ8,unknown,archive/historical_desktop_gnn_pcna_202605_phase2_phase4/data/labels/label_manifest.json,True,False,historical/incompatible or absent,train-2,,,False,True,False,False,False,False,historical_only_unverified,historical_pointer_only,,22,,False,no frozen-checkpoint prediction scores available in active canonical calibration artifacts
2HUW,unknown,archive/historical_desktop_gnn_pcna_202605_phase2_phase4/data/labels/label_manifest.json,True,False,historical/incompatible or absent,test,,,False,False,False,True,False,False,historical_only_unverified,historical_pointer_only,,0,,False,no frozen-checkpoint prediction scores available in active canonical calibration artifacts
2HVG,unknown,archive/historical_desktop_gnn_pcna_202605_phase2_phase4/data/labels/label_manifest.json,True,False,historical/incompatible or absent,train-2,,,False,True,False,False,False,False,historical_only_unverified,historical_pointer_only,,0,,False,no frozen-checkpoint prediction scores available in active canonical calibration artifacts
2HYY,unknown,archive/historical_desktop_gnn_pcna_202605_phase2_phase4/data/labels/label_manifest.json,True,False,historical/incompatible or absent,train-1,,,False,True,False,False,False,False,historical_only_unverified,historical_pointer_only,,11,,False,no frozen-checkpoint prediction scores available in active canonical calibration artifacts
2I1W,unknown,archive/historical_desktop_gnn_pcna_202605_phase2_phase4/data/labels/label_manifest.json,True,False,historical/incompatible or absent,train-1,,,False,True,False,False,False,False,historical_only_unverified,historical_pointer_only,,20,,False,no frozen-checkpoint prediction scores available in active canonical calibration artifacts
2I3A,unknown,archive/historical_desktop_gnn_pcna_202605_phase2_phase4/data/labels/label_manifest.json,True,False,historical/incompatible or absent,test,,,False,False,False,True,False,False,historical_only_unverified,historical_pointer_only,,11,,False,no frozen-checkpoint prediction scores available in active canonical calibration artifacts
2I3R,unknown,archive/historical_desktop_gnn_pcna_202605_phase2_phase4/data/labels/label_manifest.json,True,False,historical/incompatible or absent,test,,,False,False,False,True,False,False,historical_only_unverified,historical_pointer_only,,22,,False,no frozen-checkpoint prediction scores available in active canonical calibration artifacts
2I6A,unknown,archive/historical_desktop_gnn_pcna_202605_phase2_phase4/data/labels/label_manifest.json,True,False,historical/incompatible or absent,train-1,,,False,True,False,False,False,False,historical_only_unverified,historical_pointer_only,,15,,False,no frozen-checkpoint prediction scores available in active canonical calibration artifacts
2IDJ,unknown,archive/historical_desktop_gnn_pcna_202605_phase2_phase4/data/labels/label_manifest.json,True,False,historical/incompatible or absent,test,,,False,False,False,True,False,False,historical_only_unverified,historical_pointer_only,,0,,False,no frozen-checkpoint prediction scores available in active canonical calibration artifacts
2IJX,unknown,data/raw_intake/rcsb_pdb/2IJX_metadata.json,False,False,absent,,,,False,False,False,False,False,False,none,structure_only,,,,False,no machine-readable residue/pocket labels
2IO4,unknown,data/raw_intake/rcsb_pdb/2IO4_poly_entity.json,False,False,absent,,,,False,False,False,False,False,False,none,structure_only,,,,False,no machine-readable residue/pocket labels
2IX2,unknown,data/raw_intake/rcsb_pdb/2IX2_poly_entity.json,False,False,absent,,,,False,False,False,False,False,False,none,structure_only,,,,False,no machine-readable residue/pocket labels
2IYT,unknown,archive/historical_desktop_gnn_pcna_202605_phase2_phase4/data/labels/label_manifest.json,True,False,historical/incompatible or absent,test,,,False,False,False,True,False,False,historical_only_unverified,historical_pointer_only,,19,,False,no frozen-checkpoint prediction scores available in active canonical calibration artifacts
2J58,unknown,data/results/split_integrity_520.json,True,False,absent,,train,comp_0028,False,True,False,False,False,False,canonical_non_degenerate,canonical_graph_record,2760,21,0.007608695421367884,False,no frozen-checkpoint prediction scores available in active canonical calibration artifacts
2J5I,unknown,archive/historical_desktop_gnn_pcna_202605_phase2_phase4/data/labels/label_manifest.json,True,False,historical/incompatible or absent,train-0,,,False,True,False,False,False,False,historical_only_unverified,historical_pointer_only,,20,,False,no frozen-checkpoint prediction scores available in active canonical calibration artifacts
2JA3,unknown,data/results/split_integrity_520.json,True,False,absent,,train,comp_0027,False,True,False,False,False,False,canonical_non_degenerate,canonical_graph_record,1010,83,0.08217822015285492,False,no frozen-checkpoint prediction scores available in active canonical calibration artifacts
2JDW,unknown,archive/historical_desktop_gnn_pcna_202605_phase2_phase4/data/labels/label_manifest.json,True,False,historical/incompatible or absent,train-3,,,False,True,False,False,False,False,historical_only_unverified,historical_pointer_only,,10,,False,no frozen-checkpoint prediction scores available in active canonical calibration artifacts
2JFP,unknown,archive/historical_desktop_gnn_pcna_202605_phase2_phase4/data/labels/label_manifest.json,True,False,historical/incompatible or absent,train-1,,,False,True,False,False,False,False,historical_only_unverified,historical_pointer_only,,17,,False,no frozen-checkpoint prediction scores available in active canonical calibration artifacts
2JFY,unknown,archive/historical_desktop_gnn_pcna_202605_phase2_phase4/data/labels/label_manifest.json,True,False,historical/incompatible or absent,train-1,,,False,True,False,False,False,False,historical_only_unverified,historical_pointer_only,,16,,False,no frozen-checkpoint prediction scores available in active canonical calibration artifacts
2JGV,unknown,archive/historical_desktop_gnn_pcna_202605_phase2_phase4/data/labels/label_manifest.json,True,False,historical/incompatible or absent,train-1,,,False,True,False,False,False,False,historical_only_unverified,historical_pointer_only,,24,,False,no frozen-checkpoint prediction scores available in active canonical calibration artifacts
2JKL,unknown,archive/historical_desktop_gnn_pcna_202605_phase2_phase4/data/labels/label_manifest.json,True,False,historical/incompatible or absent,train-1,,,False,True,False,False,False,False,historical_only_unverified,historical_pointer_only,,0,,False,no frozen-checkpoint prediction scores available in active canonical calibration artifacts
2JLQ,unknown,archive/historical_desktop_gnn_pcna_202605_phase2_phase4/data/labels/label_manifest.json,True,False,historical/incompatible or absent,train-2,,,False,True,False,False,False,False,historical_only_unverified,historical_pointer_only,,22,,False,no frozen-checkpoint prediction scores available in active canonical calibration artifacts
2K1V,A:20;B:27,data/results/split_integrity_520.json,True,True,frozen seed 42/43/44 go_prep checkpoints,,val,comp_0026,False,False,True,False,False,False,canonical_non_degenerate,canonical_graph_record,47,6,0.12765957415103912,True,
2NMO,unknown,data/results/split_integrity_520.json,True,False,absent,,test,comp_0025,False,False,False,True,False,False,canonical_degenerate,canonical_graph_record,138,0,0.0,False,no frozen-checkpoint prediction scores available in active canonical calibration artifacts
2NT1,unknown,archive/historical_desktop_gnn_pcna_202605_phase2_phase4/data/labels/label_manifest.json,True,False,historical/incompatible or absent,test,,,False,False,False,True,False,False,historical_only_unverified,historical_pointer_only,,0,,False,no frozen-checkpoint prediction scores available in active canonical calibration artifacts
2NTI,unknown,data/raw_intake/rcsb_pdb/2NTI.cif,False,False,absent,,,,False,False,False,False,False,False,none,structure_only,,,,False,no machine-readable residue/pocket labels
2NVP,unknown,archive/historical_desktop_gnn_pcna_202605_phase2_phase4/data/labels/label_manifest.json,True,False,historical/incompatible or absent,train-1,,,False,True,False,False,False,False,historical_only_unverified,historical_pointer_only,,10,,False,no frozen-checkpoint prediction scores available in active canonical calibration artifacts
2NWX,unknown,data/results/split_integrity_520.json,True,False,absent,,train,comp_0024,False,True,False,False,False,False,canonical_non_degenerate,canonical_graph_record,1197,49,0.04093567281961441,False,no frozen-checkpoint prediction scores available in active canonical calibration artifacts
2NXJ,unknown,archive/historical_desktop_gnn_pcna_202605_phase2_phase4/data/labels/label_manifest.json,True,False,historical/incompatible or absent,train-2,,,False,True,False,False,False,False,historical_only_unverified,historical_pointer_only,,21,,False,no frozen-checkpoint prediction scores available in active canonical calibration artifacts
2O8Y,unknown,archive/historical_desktop_gnn_pcna_202605_phase2_phase4/data/labels/label_manifest.json,True,False,historical/incompatible or absent,train-2,,,False,True,False,False,False,False,historical_only_unverified,historical_pointer_only,,25,,False,no frozen-checkpoint prediction scores available in active canonical calibration artifacts
2OA6,unknown,archive/historical_desktop_gnn_pcna_202605_phase2_phase4/data/labels/label_manifest.json,True,False,historical/incompatible or absent,train-2,,,False,True,False,False,False,False,historical_only_unverified,historical_pointer_only,,25,,False,no frozen-checkpoint prediction scores available in active canonical calibration artifacts
2OFM,unknown,archive/historical_desktop_gnn_pcna_202605_phase2_phase4/data/labels/label_manifest.json,True,False,historical/incompatible or absent,train-0,,,False,True,False,False,False,False,historical_only_unverified,historical_pointer_only,,22,,False,no frozen-checkpoint prediction scores available in active canonical calibration artifacts
2OQU,unknown,archive/historical_desktop_gnn_pcna_202605_phase2_phase4/data/labels/label_manifest.json,True,False,historical/incompatible or absent,train-0,,,False,True,False,False,False,False,historical_only_unverified,historical_pointer_only,,3,,False,no frozen-checkpoint prediction scores available in active canonical calibration artifacts
2P0R,unknown,data/results/split_integrity_520.json,True,False,absent,,test,comp_0023,False,False,False,True,False,False,canonical_non_degenerate,canonical_graph_record,642,20,0.031152648851275444,False,no frozen-checkpoint prediction scores available in active canonical calibration artifacts
2P54,unknown,data/results/split_integrity_520.json,True,False,absent,,train,comp_0022,False,True,False,False,False,False,canonical_non_degenerate,canonical_graph_record,279,18,0.06451612710952759,False,no frozen-checkpoint prediction scores available in active canonical calibration artifacts
2PHZ,unknown,archive/historical_desktop_gnn_pcna_202605_phase2_phase4/data/labels/label_manifest.json,True,False,historical/incompatible or absent,test,,,False,False,False,True,False,False,historical_only_unverified,historical_pointer_only,,17,,False,no frozen-checkpoint prediction scores available in active canonical calibration artifacts
2PKF,unknown,archive/historical_desktop_gnn_pcna_202605_phase2_phase4/data/labels/label_manifest.json,True,False,historical/incompatible or absent,test,,,False,False,False,True,False,False,historical_only_unverified,historical_pointer_only,,18,,False,no frozen-checkpoint prediction scores available in active canonical calibration artifacts
2PKT,unknown,data/results/split_integrity_520.json,True,False,absent,,train,comp_0021,False,True,False,False,False,False,canonical_non_degenerate,canonical_graph_record,91,12,0.1318681389093399,False,no frozen-checkpoint prediction scores available in active canonical calibration artifacts
2PO4,unknown,archive/historical_desktop_gnn_pcna_202605_phase2_phase4/data/labels/label_manifest.json,True,False,historical/incompatible or absent,train-3,,,False,True,False,False,False,False,historical_only_unverified,historical_pointer_only,,19,,False,no frozen-checkpoint prediction scores available in active canonical calibration artifacts
2PRY,unknown,archive/historical_desktop_gnn_pcna_202605_phase2_phase4/data/labels/label_manifest.json,True,False,historical/incompatible or absent,train-3,,,False,True,False,False,False,False,historical_only_unverified,historical_pointer_only,,9,,False,no frozen-checkpoint prediction scores available in active canonical calibration artifacts
2PSF,unknown,archive/historical_desktop_gnn_pcna_202605_phase2_phase4/data/labels/label_manifest.json,True,False,historical/incompatible or absent,train-2,,,False,True,False,False,False,False,historical_only_unverified,historical_pointer_only,,28,,False,no frozen-checkpoint prediction scores available in active canonical calibration artifacts
2PWO,unknown,archive/historical_desktop_gnn_pcna_202605_phase2_phase4/data/labels/label_manifest.json,True,False,historical/incompatible or absent,train-3,,,False,True,False,False,False,False,historical_only_unverified,historical_pointer_only,,22,,False,no frozen-checkpoint prediction scores available in active canonical calibration artifacts
2PWZ,unknown,archive/historical_desktop_gnn_pcna_202605_phase2_phase4/data/labels/label_manifest.json,True,False,historical/incompatible or absent,test,,,False,False,False,True,False,False,historical_only_unverified,historical_pointer_only,,31,,False,no frozen-checkpoint prediction scores available in active canonical calibration artifacts
2Q1T,unknown,data/results/split_integrity_520.json,True,False,absent,,train,comp_0020,False,True,False,False,False,False,canonical_non_degenerate,canonical_graph_record,332,33,0.09939759224653244,False,no frozen-checkpoint prediction scores available in active canonical calibration artifacts
2QBV,unknown,archive/historical_desktop_gnn_pcna_202605_phase2_phase4/data/labels/label_manifest.json,True,False,historical/incompatible or absent,test,,,False,False,False,True,False,False,historical_only_unverified,historical_pointer_only,,14,,False,no frozen-checkpoint prediction scores available in active canonical calibration artifacts
2QG5,unknown,archive/historical_desktop_gnn_pcna_202605_phase2_phase4/data/labels/label_manifest.json,True,False,historical/incompatible or absent,train-0,,,False,True,False,False,False,False,historical_only_unverified,historical_pointer_only,,15,,False,no frozen-checkpoint prediction scores available in active canonical calibration artifacts
2QKH,unknown,data/results/split_integrity_520.json,True,False,absent,,test,comp_0019,False,False,False,True,False,False,canonical_degenerate,canonical_graph_record,126,1,0.007936508394777775,False,no frozen-checkpoint prediction scores available in active canonical calibration artifacts
2QLR,unknown,archive/historical_desktop_gnn_pcna_202605_phase2_phase4/data/labels/label_manifest.json,True,False,historical/incompatible or absent,train-0,,,False,True,False,False,False,False,historical_only_unverified,historical_pointer_only,,0,,False,no frozen-checkpoint prediction scores available in active canonical calibration artifacts
2QSU,unknown,archive/historical_desktop_gnn_pcna_202605_phase2_phase4/data/labels/label_manifest.json,True,False,historical/incompatible or absent,train-2,,,False,True,False,False,False,False,historical_only_unverified,historical_pointer_only,,17,,False,no frozen-checkpoint prediction scores available in active canonical calibration artifacts
2R57,unknown,archive/historical_desktop_gnn_pcna_202605_phase2_phase4/data/labels/label_manifest.json,True,False,historical/incompatible or absent,train-1,,,False,True,False,False,False,False,historical_only_unverified,historical_pointer_only,,8,,False,no frozen-checkpoint prediction scores available in active canonical calibration artifacts
2R8Q,unknown,data/results/split_integrity_520.json,True,False,absent,,train,comp_0018,False,True,False,False,False,False,canonical_non_degenerate,canonical_graph_record,670,14,0.020895522087812424,False,no frozen-checkpoint prediction scores available in active canonical calibration artifacts
2RFJ,unknown,archive/historical_desktop_gnn_pcna_202605_phase2_phase4/data/labels/label_manifest.json,True,False,historical/incompatible or absent,test,,,False,False,False,True,False,False,historical_only_unverified,historical_pointer_only,,18,,False,no frozen-checkpoint prediction scores available in active canonical calibration artifacts
2RL7,unknown,archive/historical_desktop_gnn_pcna_202605_phase2_phase4/data/labels/label_manifest.json,True,False,historical/incompatible or absent,train-1,,,False,True,False,False,False,False,historical_only_unverified,historical_pointer_only,,11,,False,no frozen-checkpoint prediction scores available in active canonical calibration artifacts
2RMB,unknown,archive/historical_desktop_gnn_pcna_202605_phase2_phase4/data/labels/label_manifest.json,True,False,historical/incompatible or absent,train-1,,,False,True,False,False,False,False,historical_only_unverified,historical_pointer_only,,0,,False,no frozen-checkpoint prediction scores available in active canonical calibration artifacts
2UWA,unknown,archive/historical_desktop_gnn_pcna_202605_phase2_phase4/data/labels/label_manifest.json,True,False,historical/incompatible or absent,train-0,,,False,True,False,False,False,False,historical_only_unverified,historical_pointer_only,,0,,False,no frozen-checkpoint prediction scores available in active canonical calibration artifacts
2V21,unknown,archive/historical_desktop_gnn_pcna_202605_phase2_phase4/data/labels/label_manifest.json,True,False,historical/incompatible or absent,train-3,,,False,True,False,False,False,False,historical_only_unverified,historical_pointer_only,,0,,False,no frozen-checkpoint prediction scores available in active canonical calibration artifacts
2V6M,unknown,archive/historical_desktop_gnn_pcna_202605_phase2_phase4/data/labels/label_manifest.json,True,False,historical/incompatible or absent,test,,,False,False,False,True,False,False,historical_only_unverified,historical_pointer_only,,34,,False,no frozen-checkpoint prediction scores available in active canonical calibration artifacts
2V8J,unknown,archive/historical_desktop_gnn_pcna_202605_phase2_phase4/data/labels/label_manifest.json,True,False,historical/incompatible or absent,train-3,,,False,True,False,False,False,False,historical_only_unverified,historical_pointer_only,,5,,False,no frozen-checkpoint prediction scores available in active canonical calibration artifacts
2VGO,unknown,data/results/split_integrity_520.json,True,False,absent,,train,comp_0000,False,True,False,False,False,False,canonical_non_degenerate,canonical_graph_record,629,26,0.04133545234799385,False,no frozen-checkpoint prediction scores available in active canonical calibration artifacts
2VL2,unknown,archive/historical_desktop_gnn_pcna_202605_phase2_phase4/data/labels/label_manifest.json,True,False,historical/incompatible or absent,test,,,False,False,False,True,False,False,historical_only_unverified,historical_pointer_only,,10,,False,no frozen-checkpoint prediction scores available in active canonical calibration artifacts
2VO5,unknown,data/results/split_integrity_520.json,True,False,absent,,train,comp_0017,False,True,False,False,False,False,canonical_degenerate,canonical_graph_record,1674,4,0.0023894861806184053,False,no frozen-checkpoint prediction scores available in active canonical calibration artifacts
2VQZ,unknown,archive/historical_desktop_gnn_pcna_202605_phase2_phase4/data/labels/label_manifest.json,True,False,historical/incompatible or absent,test,,,False,False,False,True,False,False,historical_only_unverified,historical_pointer_only,,7,,False,no frozen-checkpoint prediction scores available in active canonical calibration artifacts
2VRK,unknown,archive/historical_desktop_gnn_pcna_202605_phase2_phase4/data/labels/label_manifest.json,True,False,historical/incompatible or absent,train-0,,,False,True,False,False,False,False,historical_only_unverified,historical_pointer_only,,16,,False,no frozen-checkpoint prediction scores available in active canonical calibration artifacts
2VYR,unknown,archive/historical_desktop_gnn_pcna_202605_phase2_phase4/data/labels/label_manifest.json,True,False,historical/incompatible or absent,test,,,False,False,False,True,False,False,historical_only_unverified,historical_pointer_only,,21,,False,no frozen-checkpoint prediction scores available in active canonical calibration artifacts
2W5H,unknown,archive/historical_desktop_gnn_pcna_202605_phase2_phase4/data/labels/label_manifest.json,True,False,historical/incompatible or absent,train-3,,,False,True,False,False,False,False,historical_only_unverified,historical_pointer_only,,25,,False,no frozen-checkpoint prediction scores available in active canonical calibration artifacts
2W6R,unknown,archive/historical_desktop_gnn_pcna_202605_phase2_phase4/data/labels/label_manifest.json,True,False,historical/incompatible or absent,train-0,,,False,True,False,False,False,False,historical_only_unverified,historical_pointer_only,,33,,False,no frozen-checkpoint prediction scores available in active canonical calibration artifacts
2W8N,unknown,archive/historical_desktop_gnn_pcna_202605_phase2_phase4/data/labels/label_manifest.json,True,False,historical/incompatible or absent,test,,,False,False,False,True,False,False,historical_only_unverified,historical_pointer_only,,11,,False,no frozen-checkpoint prediction scores available in active canonical calibration artifacts
2W9T,unknown,archive/historical_desktop_gnn_pcna_202605_phase2_phase4/data/labels/label_manifest.json,True,False,historical/incompatible or absent,train-1,,,False,True,False,False,False,False,historical_only_unverified,historical_pointer_only,,36,,False,no frozen-checkpoint prediction scores available in active canonical calibration artifacts
2WAS,unknown,archive/historical_desktop_gnn_pcna_202605_phase2_phase4/data/labels/label_manifest.json,True,False,historical/incompatible or absent,train-1,,,False,True,False,False,False,False,historical_only_unverified,historical_pointer_only,,0,,False,no frozen-checkpoint prediction scores available in active canonical calibration artifacts
2WER,A:214;B:214,data/results/split_integrity_520.json,True,True,frozen seed 42/43/44 go_prep checkpoints,,val,comp_0016,False,False,True,False,False,False,canonical_non_degenerate,canonical_graph_record,428,30,0.07009346038103104,True,
2WET,unknown,archive/historical_desktop_gnn_pcna_202605_phase2_phase4/data/labels/label_manifest.json,True,False,historical/incompatible or absent,train-2,,,False,True,False,False,False,False,historical_only_unverified,historical_pointer_only,,16,,False,no frozen-checkpoint prediction scores available in active canonical calibration artifacts
2WGB,unknown,archive/historical_desktop_gnn_pcna_202605_phase2_phase4/data/labels/label_manifest.json,True,False,historical/incompatible or absent,train-3,,,False,True,False,False,False,False,historical_only_unverified,historical_pointer_only,,12,,False,no frozen-checkpoint prediction scores available in active canonical calibration artifacts
2WVH,unknown,archive/historical_desktop_gnn_pcna_202605_phase2_phase4/data/labels/label_manifest.json,True,False,historical/incompatible or absent,train-3,,,False,True,False,False,False,False,historical_only_unverified,historical_pointer_only,,18,,False,no frozen-checkpoint prediction scores available in active canonical calibration artifacts
2WVY,unknown,archive/historical_desktop_gnn_pcna_202605_phase2_phase4/data/labels/label_manifest.json,True,False,historical/incompatible or absent,train-1,,,False,True,False,False,False,False,historical_only_unverified,historical_pointer_only,,10,,False,no frozen-checkpoint prediction scores available in active canonical calibration artifacts
2X2S,unknown,archive/historical_desktop_gnn_pcna_202605_phase2_phase4/data/labels/label_manifest.json,True,False,historical/incompatible or absent,train-2,,,False,True,False,False,False,False,historical_only_unverified,historical_pointer_only,,8,,False,no frozen-checkpoint prediction scores available in active canonical calibration artifacts
2X36,unknown,archive/historical_desktop_gnn_pcna_202605_phase2_phase4/data/labels/label_manifest.json,True,False,historical/incompatible or absent,train-3,,,False,True,False,False,False,False,historical_only_unverified,historical_pointer_only,,17,,False,no frozen-checkpoint prediction scores available in active canonical calibration artifacts
2X47,unknown,archive/historical_desktop_gnn_pcna_202605_phase2_phase4/data/labels/label_manifest.json,True,False,historical/incompatible or absent,test,,,False,False,False,True,False,False,historical_only_unverified,historical_pointer_only,,26,,False,no frozen-checkpoint prediction scores available in active canonical calibration artifacts
2X6D,unknown,data/results/split_integrity_520.json,True,False,absent,,train,comp_0000,False,True,False,False,False,False,canonical_non_degenerate,canonical_graph_record,255,18,0.07058823853731155,False,no frozen-checkpoint prediction scores available in active canonical calibration artifacts
2X87,unknown,archive/historical_desktop_gnn_pcna_202605_phase2_phase4/data/labels/label_manifest.json,True,False,historical/incompatible or absent,train-2,,,False,True,False,False,False,False,historical_only_unverified,historical_pointer_only,,13,,False,no frozen-checkpoint prediction scores available in active canonical calibration artifacts
2XBP,unknown,data/results/split_integrity_520.json,True,False,historical/incompatible or absent,train-1,train,comp_0015,False,True,False,False,False,False,canonical_non_degenerate,canonical_graph_record,113,11,0.09734513610601425,False,no frozen-checkpoint prediction scores available in active canonical calibration artifacts
2XC1,unknown,archive/historical_desktop_gnn_pcna_202605_phase2_phase4/data/labels/label_manifest.json,True,False,historical/incompatible or absent,train-1,,,False,True,False,False,False,False,historical_only_unverified,historical_pointer_only,,8,,False,no frozen-checkpoint prediction scores available in active canonical calibration artifacts
2XDO,unknown,archive/historical_desktop_gnn_pcna_202605_phase2_phase4/data/labels/label_manifest.json,True,False,historical/incompatible or absent,test,,,False,False,False,True,False,False,historical_only_unverified,historical_pointer_only,,0,,False,no frozen-checkpoint prediction scores available in active canonical calibration artifacts
2XE6,unknown,archive/historical_desktop_gnn_pcna_202605_phase2_phase4/data/labels/label_manifest.json,True,False,historical/incompatible or absent,train-3,,,False,True,False,False,False,False,historical_only_unverified,historical_pointer_only,,25,,False,no frozen-checkpoint prediction scores available in active canonical calibration artifacts
2XHM,unknown,data/results/split_integrity_520.json,True,False,absent,,train,comp_0014,False,True,False,False,False,False,canonical_non_degenerate,canonical_graph_record,598,8,0.01337792631238699,False,no frozen-checkpoint prediction scores available in active canonical calibration artifacts
2XQ0,unknown,archive/historical_desktop_gnn_pcna_202605_phase2_phase4/data/labels/label_manifest.json,True,False,historical/incompatible or absent,train-3,,,False,True,False,False,False,False,historical_only_unverified,historical_pointer_only,,10,,False,no frozen-checkpoint prediction scores available in active canonical calibration artifacts
2XSA,unknown,archive/historical_desktop_gnn_pcna_202605_phase2_phase4/data/labels/label_manifest.json,True,False,historical/incompatible or absent,test,,,False,False,False,True,False,False,historical_only_unverified,historical_pointer_only,,15,,False,no frozen-checkpoint prediction scores available in active canonical calibration artifacts
2XTP,unknown,archive/historical_desktop_gnn_pcna_202605_phase2_phase4/data/labels/label_manifest.json,True,False,historical/incompatible or absent,train-1,,,False,True,False,False,False,False,historical_only_unverified,historical_pointer_only,,24,,False,no frozen-checkpoint prediction scores available in active canonical calibration artifacts
2XUR,unknown,archive/historical_desktop_gnn_pcna_202605_phase2_phase4/data/labels/label_manifest.json,True,False,historical/incompatible or absent,train-1,,,False,True,False,False,False,False,historical_only_unverified,historical_pointer_only,,4,,False,no frozen-checkpoint prediction scores available in active canonical calibration artifacts
2Y7A,unknown,archive/historical_desktop_gnn_pcna_202605_phase2_phase4/data/labels/label_manifest.json,True,False,historical/incompatible or absent,train-3,,,False,True,False,False,False,False,historical_only_unverified,historical_pointer_only,,30,,False,no frozen-checkpoint prediction scores available in active canonical calibration artifacts
2YD5,unknown,archive/historical_desktop_gnn_pcna_202605_phase2_phase4/data/labels/label_manifest.json,True,False,historical/incompatible or absent,train-3,,,False,True,False,False,False,False,historical_only_unverified,historical_pointer_only,,6,,False,no frozen-checkpoint prediction scores available in active canonical calibration artifacts
2YHW,unknown,data/results/split_integrity_520.json,True,False,absent,,train,comp_0013,False,True,False,False,False,False,canonical_non_degenerate,canonical_graph_record,308,6,0.019480518996715546,False,no frozen-checkpoint prediction scores available in active canonical calibration artifacts
2YJR,unknown,archive/historical_desktop_gnn_pcna_202605_phase2_phase4/data/labels/label_manifest.json,True,False,historical/incompatible or absent,train-0,,,False,True,False,False,False,False,historical_only_unverified,historical_pointer_only,,33,,False,no frozen-checkpoint prediction scores available in active canonical calibration artifacts
2YWB,unknown,archive/historical_desktop_gnn_pcna_202605_phase2_phase4/data/labels/label_manifest.json,True,False,historical/incompatible or absent,train-1,,,False,True,False,False,False,False,historical_only_unverified,historical_pointer_only,,12,,False,no frozen-checkpoint prediction scores available in active canonical calibration artifacts
2YX7,unknown,archive/historical_desktop_gnn_pcna_202605_phase2_phase4/data/labels/label_manifest.json,True,False,historical/incompatible or absent,train-0,,,False,True,False,False,False,False,historical_only_unverified,historical_pointer_only,,9,,False,no frozen-checkpoint prediction scores available in active canonical calibration artifacts
2YYG,unknown,archive/historical_desktop_gnn_pcna_202605_phase2_phase4/data/labels/label_manifest.json,True,False,historical/incompatible or absent,train-1,,,False,True,False,False,False,False,historical_only_unverified,historical_pointer_only,,27,,False,no frozen-checkpoint prediction scores available in active canonical calibration artifacts
2YZ7,unknown,archive/historical_desktop_gnn_pcna_202605_phase2_phase4/data/labels/label_manifest.json,True,False,historical/incompatible or absent,train-3,,,False,True,False,False,False,False,historical_only_unverified,historical_pointer_only,,12,,False,no frozen-checkpoint prediction scores available in active canonical calibration artifacts
2YZG,unknown,archive/historical_desktop_gnn_pcna_202605_phase2_phase4/data/labels/label_manifest.json,True,False,historical/incompatible or absent,train-3,,,False,True,False,False,False,False,historical_only_unverified,historical_pointer_only,,8,,False,no frozen-checkpoint prediction scores available in active canonical calibration artifacts
2Z15,unknown,archive/historical_desktop_gnn_pcna_202605_phase2_phase4/data/labels/label_manifest.json,True,False,historical/incompatible or absent,train-2,,,False,True,False,False,False,False,historical_only_unverified,historical_pointer_only,,7,,False,no frozen-checkpoint prediction scores available in active canonical calibration artifacts
2Z6W,unknown,archive/historical_desktop_gnn_pcna_202605_phase2_phase4/data/labels/label_manifest.json,True,False,historical/incompatible or absent,train-1,,,False,True,False,False,False,False,historical_only_unverified,historical_pointer_only,,26,,False,no frozen-checkpoint prediction scores available in active canonical calibration artifacts
2ZCG,unknown,archive/historical_desktop_gnn_pcna_202605_phase2_phase4/data/labels/label_manifest.json,True,False,historical/incompatible or absent,test,,,False,False,False,True,False,False,historical_only_unverified,historical_pointer_only,,0,,False,no frozen-checkpoint prediction scores available in active canonical calibration artifacts
2ZCO,unknown,archive/historical_desktop_gnn_pcna_202605_phase2_phase4/data/labels/label_manifest.json,True,False,historical/incompatible or absent,train-0,,,False,True,False,False,False,False,historical_only_unverified,historical_pointer_only,,9,,False,no frozen-checkpoint prediction scores available in active canonical calibration artifacts
2ZF3,unknown,archive/historical_desktop_gnn_pcna_202605_phase2_phase4/data/labels/label_manifest.json,True,False,historical/incompatible or absent,train-2,,,False,True,False,False,False,False,historical_only_unverified,historical_pointer_only,,9,,False,no frozen-checkpoint prediction scores available in active canonical calibration artifacts
2ZGU,unknown,archive/historical_desktop_gnn_pcna_202605_phase2_phase4/data/labels/label_manifest.json,True,False,historical/incompatible or absent,train-2,,,False,True,False,False,False,False,historical_only_unverified,historical_pointer_only,,10,,False,no frozen-checkpoint prediction scores available in active canonical calibration artifacts
2ZJ7,unknown,archive/historical_desktop_gnn_pcna_202605_phase2_phase4/data/labels/label_manifest.json,True,False,historical/incompatible or absent,test,,,False,False,False,True,False,False,historical_only_unverified,historical_pointer_only,,8,,False,no frozen-checkpoint prediction scores available in active canonical calibration artifacts
2ZSU,unknown,archive/historical_desktop_gnn_pcna_202605_phase2_phase4/data/labels/label_manifest.json,True,False,historical/incompatible or absent,train-3,,,False,True,False,False,False,False,historical_only_unverified,historical_pointer_only,,24,,False,no frozen-checkpoint prediction scores available in active canonical calibration artifacts
2ZVK,unknown,data/raw_intake/pcna_structures/2ZVK_poly_entity.json,False,False,absent,,,,True,False,False,False,True,True,none,structure_only,,,,False,PCNA/PCNA-family structure; forbidden for independent extraction selection
2ZVL,unknown,results/per_structure/summary_table.csv,False,False,absent,,,,True,False,False,False,True,True,none,historical_pointer_only,,,,False,PCNA/PCNA-family structure; forbidden for independent extraction selection
2ZVM,unknown,results/per_structure/summary_table.csv,False,False,absent,,,,True,False,False,False,True,True,none,historical_pointer_only,,,,False,PCNA/PCNA-family structure; forbidden for independent extraction selection
2ZVY,unknown,archive/historical_desktop_gnn_pcna_202605_phase2_phase4/data/labels/label_manifest.json,True,False,historical/incompatible or absent,train-2,,,False,True,False,False,False,False,historical_only_unverified,historical_pointer_only,,20,,False,no frozen-checkpoint prediction scores available in active canonical calibration artifacts
3A06,unknown,archive/historical_desktop_gnn_pcna_202605_phase2_phase4/data/labels/label_manifest.json,True,False,historical/incompatible or absent,train-2,,,False,True,False,False,False,False,historical_only_unverified,historical_pointer_only,,7,,False,no frozen-checkpoint prediction scores available in active canonical calibration artifacts
3A0X,unknown,archive/historical_desktop_gnn_pcna_202605_phase2_phase4/data/labels/label_manifest.json,True,False,historical/incompatible or absent,test,,,False,False,False,True,False,False,historical_only_unverified,historical_pointer_only,,21,,False,no frozen-checkpoint prediction scores available in active canonical calibration artifacts
3A7G,unknown,archive/historical_desktop_gnn_pcna_202605_phase2_phase4/data/labels/label_manifest.json,True,False,historical/incompatible or absent,train-1,,,False,True,False,False,False,False,historical_only_unverified,historical_pointer_only,,22,,False,no frozen-checkpoint prediction scores available in active canonical calibration artifacts
3AAR,unknown,archive/historical_desktop_gnn_pcna_202605_phase2_phase4/data/labels/label_manifest.json,True,False,historical/incompatible or absent,train-0,,,False,True,False,False,False,False,historical_only_unverified,historical_pointer_only,,8,,False,no frozen-checkpoint prediction scores available in active canonical calibration artifacts
3ASY,unknown,archive/historical_desktop_gnn_pcna_202605_phase2_phase4/data/labels/label_manifest.json,True,False,historical/incompatible or absent,train-3,,,False,True,False,False,False,False,historical_only_unverified,historical_pointer_only,,17,,False,no frozen-checkpoint prediction scores available in active canonical calibration artifacts
3B1O,unknown,archive/historical_desktop_gnn_pcna_202605_phase2_phase4/data/labels/label_manifest.json,True,False,historical/incompatible or absent,test,,,False,False,False,True,False,False,historical_only_unverified,historical_pointer_only,,0,,False,no frozen-checkpoint prediction scores available in active canonical calibration artifacts
3B49,unknown,archive/historical_desktop_gnn_pcna_202605_phase2_phase4/data/labels/label_manifest.json,True,False,historical/incompatible or absent,train-1,,,False,True,False,False,False,False,historical_only_unverified,historical_pointer_only,,20,,False,no frozen-checkpoint prediction scores available in active canonical calibration artifacts
3B4V,unknown,archive/historical_desktop_gnn_pcna_202605_phase2_phase4/data/labels/label_manifest.json,True,False,historical/incompatible or absent,train-2,,,False,True,False,False,False,False,historical_only_unverified,historical_pointer_only,,0,,False,no frozen-checkpoint prediction scores available in active canonical calibration artifacts
3B7W,unknown,archive/historical_desktop_gnn_pcna_202605_phase2_phase4/data/labels/label_manifest.json,True,False,historical/incompatible or absent,train-3,,,False,True,False,False,False,False,historical_only_unverified,historical_pointer_only,,24,,False,no frozen-checkpoint prediction scores available in active canonical calibration artifacts
3BGL,unknown,archive/historical_desktop_gnn_pcna_202605_phase2_phase4/data/labels/label_manifest.json,True,False,historical/incompatible or absent,train-0,,,False,True,False,False,False,False,historical_only_unverified,historical_pointer_only,,0,,False,no frozen-checkpoint prediction scores available in active canonical calibration artifacts
3BIF,unknown,archive/historical_desktop_gnn_pcna_202605_phase2_phase4/data/labels/label_manifest.json,True,False,historical/incompatible or absent,train-1,,,False,True,False,False,False,False,historical_only_unverified,historical_pointer_only,,22,,False,no frozen-checkpoint prediction scores available in active canonical calibration artifacts
3BJP,unknown,archive/historical_desktop_gnn_pcna_202605_phase2_phase4/data/labels/label_manifest.json,True,False,historical/incompatible or absent,test,,,False,False,False,True,False,False,historical_only_unverified,historical_pointer_only,,5,,False,no frozen-checkpoint prediction scores available in active canonical calibration artifacts
3BK9,unknown,archive/historical_desktop_gnn_pcna_202605_phase2_phase4/data/labels/label_manifest.json,True,False,historical/incompatible or absent,test,,,False,False,False,True,False,False,historical_only_unverified,historical_pointer_only,,0,,False,no frozen-checkpoint prediction scores available in active canonical calibration artifacts
3BL7,unknown,archive/historical_desktop_gnn_pcna_202605_phase2_phase4/data/labels/label_manifest.json,True,False,historical/incompatible or absent,train-2,,,False,True,False,False,False,False,historical_only_unverified,historical_pointer_only,,21,,False,no frozen-checkpoint prediction scores available in active canonical calibration artifacts
3BLJ,unknown,archive/historical_desktop_gnn_pcna_202605_phase2_phase4/data/labels/label_manifest.json,True,False,historical/incompatible or absent,train-3,,,False,True,False,False,False,False,historical_only_unverified,historical_pointer_only,,20,,False,no frozen-checkpoint prediction scores available in active canonical calibration artifacts
3BN9,unknown,archive/historical_desktop_gnn_pcna_202605_phase2_phase4/data/labels/label_manifest.json,True,False,historical/incompatible or absent,train-3,,,False,True,False,False,False,False,historical_only_unverified,historical_pointer_only,,9,,False,no frozen-checkpoint prediction scores available in active canonical calibration artifacts
3BRK,unknown,archive/historical_desktop_gnn_pcna_202605_phase2_phase4/data/labels/label_manifest.json,True,False,historical/incompatible or absent,train-3,,,False,True,False,False,False,False,historical_only_unverified,historical_pointer_only,,8,,False,no frozen-checkpoint prediction scores available in active canonical calibration artifacts
3BV9,unknown,archive/historical_desktop_gnn_pcna_202605_phase2_phase4/data/labels/label_manifest.json,True,False,historical/incompatible or absent,train-0,,,False,True,False,False,False,False,historical_only_unverified,historical_pointer_only,,23,,False,no frozen-checkpoint prediction scores available in active canonical calibration artifacts
3C0I,unknown,data/results/split_integrity_520.json,True,False,absent,,train,comp_0012,False,True,False,False,False,False,canonical_non_degenerate,canonical_graph_record,298,16,0.05369127541780472,False,no frozen-checkpoint prediction scores available in active canonical calibration artifacts
3CAB,unknown,archive/historical_desktop_gnn_pcna_202605_phase2_phase4/data/labels/label_manifest.json,True,False,historical/incompatible or absent,train-2,,,False,True,False,False,False,False,historical_only_unverified,historical_pointer_only,,19,,False,no frozen-checkpoint prediction scores available in active canonical calibration artifacts
3CBJ,unknown,archive/historical_desktop_gnn_pcna_202605_phase2_phase4/data/labels/label_manifest.json,True,False,historical/incompatible or absent,train-1,,,False,True,False,False,False,False,historical_only_unverified,historical_pointer_only,,18,,False,no frozen-checkpoint prediction scores available in active canonical calibration artifacts
3CHF,unknown,archive/historical_desktop_gnn_pcna_202605_phase2_phase4/data/labels/label_manifest.json,True,False,historical/incompatible or absent,train-1,,,False,True,False,False,False,False,historical_only_unverified,historical_pointer_only,,11,,False,no frozen-checkpoint prediction scores available in active canonical calibration artifacts
3CJ1,unknown,archive/historical_desktop_gnn_pcna_202605_phase2_phase4/data/labels/label_manifest.json,True,False,historical/incompatible or absent,train-2,,,False,True,False,False,False,False,historical_only_unverified,historical_pointer_only,,13,,False,no frozen-checkpoint prediction scores available in active canonical calibration artifacts
3CJJ,unknown,archive/historical_desktop_gnn_pcna_202605_phase2_phase4/data/labels/label_manifest.json,True,False,historical/incompatible or absent,train-0,,,False,True,False,False,False,False,historical_only_unverified,historical_pointer_only,,4,,False,no frozen-checkpoint prediction scores available in active canonical calibration artifacts
3CL7,unknown,data/results/split_integrity_520.json,True,False,absent,,test,comp_0011,False,False,False,True,False,False,canonical_non_degenerate,canonical_graph_record,604,6,0.009933775290846825,False,no frozen-checkpoint prediction scores available in active canonical calibration artifacts
3CVM,unknown,archive/historical_desktop_gnn_pcna_202605_phase2_phase4/data/labels/label_manifest.json,True,False,historical/incompatible or absent,train-3,,,False,True,False,False,False,False,historical_only_unverified,historical_pointer_only,,21,,False,no frozen-checkpoint prediction scores available in active canonical calibration artifacts
3D0E,unknown,data/results/split_integrity_520.json,True,False,absent,,train,comp_0005,False,True,False,False,False,False,canonical_non_degenerate,canonical_graph_record,644,34,0.05279503017663956,False,no frozen-checkpoint prediction scores available in active canonical calibration artifacts
3D0R,unknown,archive/historical_desktop_gnn_pcna_202605_phase2_phase4/data/labels/label_manifest.json,True,False,historical/incompatible or absent,train-1,,,False,True,False,False,False,False,historical_only_unverified,historical_pointer_only,,44,,False,no frozen-checkpoint prediction scores available in active canonical calibration artifacts
3DB3,unknown,archive/historical_desktop_gnn_pcna_202605_phase2_phase4/data/labels/label_manifest.json,True,False,historical/incompatible or absent,train-1,,,False,True,False,False,False,False,historical_only_unverified,historical_pointer_only,,9,,False,no frozen-checkpoint prediction scores available in active canonical calibration artifacts
3DFA,unknown,archive/historical_desktop_gnn_pcna_202605_phase2_phase4/data/labels/label_manifest.json,True,False,historical/incompatible or absent,train-0,,,False,True,False,False,False,False,historical_only_unverified,historical_pointer_only,,19,,False,no frozen-checkpoint prediction scores available in active canonical calibration artifacts
3DFJ,unknown,archive/historical_desktop_gnn_pcna_202605_phase2_phase4/data/labels/label_manifest.json,True,False,historical/incompatible or absent,train-0,,,False,True,False,False,False,False,historical_only_unverified,historical_pointer_only,,26,,False,no frozen-checkpoint prediction scores available in active canonical calibration artifacts
3DLM,unknown,archive/historical_desktop_gnn_pcna_202605_phase2_phase4/data/labels/label_manifest.json,True,False,historical/incompatible or absent,train-3,,,False,True,False,False,False,False,historical_only_unverified,historical_pointer_only,,19,,False,no frozen-checkpoint prediction scores available in active canonical calibration artifacts
3DPC,unknown,archive/historical_desktop_gnn_pcna_202605_phase2_phase4/data/labels/label_manifest.json,True,False,historical/incompatible or absent,train-3,,,False,True,False,False,False,False,historical_only_unverified,historical_pointer_only,,11,,False,no frozen-checkpoint prediction scores available in active canonical calibration artifacts
3E9P,unknown,archive/historical_desktop_gnn_pcna_202605_phase2_phase4/data/labels/label_manifest.json,True,False,historical/incompatible or absent,train-0,,,False,True,False,False,False,False,historical_only_unverified,historical_pointer_only,,28,,False,no frozen-checkpoint prediction scores available in active canonical calibration artifacts
3EML,unknown,data/results/split_integrity_520.json,True,False,absent,,train,comp_0010,False,True,False,False,False,False,canonical_non_degenerate,canonical_graph_record,448,7,0.015625,False,no frozen-checkpoint prediction scores available in active canonical calibration artifacts
3EOM,unknown,archive/historical_desktop_gnn_pcna_202605_phase2_phase4/data/labels/label_manifest.json,True,False,historical/incompatible or absent,train-0,,,False,True,False,False,False,False,historical_only_unverified,historical_pointer_only,,8,,False,no frozen-checkpoint prediction scores available in active canonical calibration artifacts
3F0F,unknown,archive/historical_desktop_gnn_pcna_202605_phase2_phase4/data/labels/label_manifest.json,True,False,historical/incompatible or absent,train-1,,,False,True,False,False,False,False,historical_only_unverified,historical_pointer_only,,11,,False,no frozen-checkpoint prediction scores available in active canonical calibration artifacts
3F4K,unknown,archive/historical_desktop_gnn_pcna_202605_phase2_phase4/data/labels/label_manifest.json,True,False,historical/incompatible or absent,test,,,False,False,False,True,False,False,historical_only_unverified,historical_pointer_only,,19,,False,no frozen-checkpoint prediction scores available in active canonical calibration artifacts
3F99,unknown,archive/historical_desktop_gnn_pcna_202605_phase2_phase4/data/labels/label_manifest.json,True,False,historical/incompatible or absent,train-3,,,False,True,False,False,False,False,historical_only_unverified,historical_pointer_only,,17,,False,no frozen-checkpoint prediction scores available in active canonical calibration artifacts
3F9F,unknown,archive/historical_desktop_gnn_pcna_202605_phase2_phase4/data/labels/label_manifest.json,True,False,historical/incompatible or absent,train-1,,,False,True,False,False,False,False,historical_only_unverified,historical_pointer_only,,31,,False,no frozen-checkpoint prediction scores available in active canonical calibration artifacts
3FFE,unknown,archive/historical_desktop_gnn_pcna_202605_phase2_phase4/data/labels/label_manifest.json,True,False,historical/incompatible or absent,train-2,,,False,True,False,False,False,False,historical_only_unverified,historical_pointer_only,,13,,False,no frozen-checkpoint prediction scores available in active canonical calibration artifacts
3FIX,unknown,archive/historical_desktop_gnn_pcna_202605_phase2_phase4/data/labels/label_manifest.json,True,False,historical/incompatible or absent,train-1,,,False,True,False,False,False,False,historical_only_unverified,historical_pointer_only,,23,,False,no frozen-checkpoint prediction scores available in active canonical calibration artifacts
3FLG,unknown,archive/historical_desktop_gnn_pcna_202605_phase2_phase4/data/labels/label_manifest.json,True,False,historical/incompatible or absent,test,,,False,False,False,True,False,False,historical_only_unverified,historical_pointer_only,,9,,False,no frozen-checkpoint prediction scores available in active canonical calibration artifacts
3FQ8,unknown,archive/historical_desktop_gnn_pcna_202605_phase2_phase4/data/labels/label_manifest.json,True,False,historical/incompatible or absent,train-1,,,False,True,False,False,False,False,historical_only_unverified,historical_pointer_only,,7,,False,no frozen-checkpoint prediction scores available in active canonical calibration artifacts
3FU8,A:558;B:558,data/results/split_integrity_520.json,True,True,frozen seed 42/43/44 go_prep checkpoints,,val,comp_0009,False,False,True,False,False,False,canonical_non_degenerate,canonical_graph_record,1116,15,0.01344086043536663,True,
3FUT,unknown,archive/historical_desktop_gnn_pcna_202605_phase2_phase4/data/labels/label_manifest.json,True,False,historical/incompatible or absent,train-0,,,False,True,False,False,False,False,historical_only_unverified,historical_pointer_only,,22,,False,no frozen-checkpoint prediction scores available in active canonical calibration artifacts
3FZO,unknown,archive/historical_desktop_gnn_pcna_202605_phase2_phase4/data/labels/label_manifest.json,True,False,historical/incompatible or absent,test,,,False,False,False,True,False,False,historical_only_unverified,historical_pointer_only,,34,,False,no frozen-checkpoint prediction scores available in active canonical calibration artifacts
3G56,unknown,archive/historical_desktop_gnn_pcna_202605_phase2_phase4/data/labels/label_manifest.json,True,False,historical/incompatible or absent,train-0,,,False,True,False,False,False,False,historical_only_unverified,historical_pointer_only,,23,,False,no frozen-checkpoint prediction scores available in active canonical calibration artifacts
3G8A,unknown,archive/historical_desktop_gnn_pcna_202605_phase2_phase4/data/labels/label_manifest.json,True,False,historical/incompatible or absent,train-2,,,False,True,False,False,False,False,historical_only_unverified,historical_pointer_only,,5,,False,no frozen-checkpoint prediction scores available in active canonical calibration artifacts
3GAR,unknown,archive/historical_desktop_gnn_pcna_202605_phase2_phase4/data/labels/label_manifest.json,True,False,historical/incompatible or absent,train-3,,,False,True,False,False,False,False,historical_only_unverified,historical_pointer_only,,22,,False,no frozen-checkpoint prediction scores available in active canonical calibration artifacts
3GDG,unknown,archive/historical_desktop_gnn_pcna_202605_phase2_phase4/data/labels/label_manifest.json,True,False,historical/incompatible or absent,test,,,False,False,False,True,False,False,historical_only_unverified,historical_pointer_only,,32,,False,no frozen-checkpoint prediction scores available in active canonical calibration artifacts
3GDR,unknown,archive/historical_desktop_gnn_pcna_202605_phase2_phase4/data/labels/label_manifest.json,True,False,historical/incompatible or absent,train-2,,,False,True,False,False,False,False,historical_only_unverified,historical_pointer_only,,0,,False,no frozen-checkpoint prediction scores available in active canonical calibration artifacts
3GL0,unknown,archive/historical_desktop_gnn_pcna_202605_phase2_phase4/data/labels/label_manifest.json,True,False,historical/incompatible or absent,train-1,,,False,True,False,False,False,False,historical_only_unverified,historical_pointer_only,,15,,False,no frozen-checkpoint prediction scores available in active canonical calibration artifacts
3GXD,unknown,data/results/split_integrity_520.json,True,False,absent,,train,comp_0008,False,True,False,False,False,False,canonical_non_degenerate,canonical_graph_record,1988,24,0.012072434648871422,False,no frozen-checkpoint prediction scores available in active canonical calibration artifacts
3H11,unknown,archive/historical_desktop_gnn_pcna_202605_phase2_phase4/data/labels/label_manifest.json,True,False,historical/incompatible or absent,train-1,,,False,True,False,False,False,False,historical_only_unverified,historical_pointer_only,,11,,False,no frozen-checkpoint prediction scores available in active canonical calibration artifacts
3H8A,unknown,archive/historical_desktop_gnn_pcna_202605_phase2_phase4/data/labels/label_manifest.json,True,False,historical/incompatible or absent,test,,,False,False,False,True,False,False,historical_only_unverified,historical_pointer_only,,18,,False,no frozen-checkpoint prediction scores available in active canonical calibration artifacts
3HI6,unknown,archive/historical_desktop_gnn_pcna_202605_phase2_phase4/data/labels/label_manifest.json,True,False,historical/incompatible or absent,train-1,,,False,True,False,False,False,False,historical_only_unverified,historical_pointer_only,,27,,False,no frozen-checkpoint prediction scores available in active canonical calibration artifacts
3HI8,unknown,data/raw_intake/rcsb_pdb/3HI8_metadata.json,False,False,absent,,,,False,False,False,False,False,False,none,structure_only,,,,False,no machine-readable residue/pocket labels
3HRM,unknown,archive/historical_desktop_gnn_pcna_202605_phase2_phase4/data/labels/label_manifest.json,True,False,historical/incompatible or absent,test,,,False,False,False,True,False,False,historical_only_unverified,historical_pointer_only,,0,,False,no frozen-checkpoint prediction scores available in active canonical calibration artifacts
3HSJ,unknown,archive/historical_desktop_gnn_pcna_202605_phase2_phase4/data/labels/label_manifest.json,True,False,historical/incompatible or absent,train-3,,,False,True,False,False,False,False,historical_only_unverified,historical_pointer_only,,24,,False,no frozen-checkpoint prediction scores available in active canonical calibration artifacts
3I8S,unknown,archive/historical_desktop_gnn_pcna_202605_phase2_phase4/data/labels/label_manifest.json,True,False,historical/incompatible or absent,test,,,False,False,False,True,False,False,historical_only_unverified,historical_pointer_only,,16,,False,no frozen-checkpoint prediction scores available in active canonical calibration artifacts
3IDH,unknown,archive/historical_desktop_gnn_pcna_202605_phase2_phase4/data/labels/label_manifest.json,True,False,historical/incompatible or absent,test,,,False,False,False,True,False,False,historical_only_unverified,historical_pointer_only,,22,,False,no frozen-checkpoint prediction scores available in active canonical calibration artifacts
3IEC,unknown,archive/historical_desktop_gnn_pcna_202605_phase2_phase4/data/labels/label_manifest.json,True,False,historical/incompatible or absent,train-1,,,False,True,False,False,False,False,historical_only_unverified,historical_pointer_only,,23,,False,no frozen-checkpoint prediction scores available in active canonical calibration artifacts
3IFV,unknown,data/raw_intake/rcsb_pdb/3IFV_metadata.json,False,False,absent,,,,False,False,False,False,False,False,none,structure_only,,,,False,no machine-readable residue/pocket labels
3IH2,unknown,archive/historical_desktop_gnn_pcna_202605_phase2_phase4/data/labels/label_manifest.json,True,False,historical/incompatible or absent,train-3,,,False,True,False,False,False,False,historical_only_unverified,historical_pointer_only,,10,,False,no frozen-checkpoint prediction scores available in active canonical calibration artifacts
3IKW,unknown,archive/historical_desktop_gnn_pcna_202605_phase2_phase4/data/labels/label_manifest.json,True,False,historical/incompatible or absent,train-1,,,False,True,False,False,False,False,historical_only_unverified,historical_pointer_only,,11,,False,no frozen-checkpoint prediction scores available in active canonical calibration artifacts
3ITY,unknown,archive/historical_desktop_gnn_pcna_202605_phase2_phase4/data/labels/label_manifest.json,True,False,historical/incompatible or absent,train-2,,,False,True,False,False,False,False,historical_only_unverified,historical_pointer_only,,0,,False,no frozen-checkpoint prediction scores available in active canonical calibration artifacts
3IUN,unknown,archive/historical_desktop_gnn_pcna_202605_phase2_phase4/data/labels/label_manifest.json,True,False,historical/incompatible or absent,train-1,,,False,True,False,False,False,False,historical_only_unverified,historical_pointer_only,,10,,False,no frozen-checkpoint prediction scores available in active canonical calibration artifacts
3JAB,unknown,data/raw_intake/pcna_structures/3JAB_metadata.json,False,False,absent,,,,True,False,False,False,True,True,none,structure_only,,,,False,PCNA/PCNA-family structure; forbidden for independent extraction selection
3JXS,unknown,archive/historical_desktop_gnn_pcna_202605_phase2_phase4/data/labels/label_manifest.json,True,False,historical/incompatible or absent,train-3,,,False,True,False,False,False,False,historical_only_unverified,historical_pointer_only,,5,,False,no frozen-checkpoint prediction scores available in active canonical calibration artifacts
3JZG,unknown,archive/historical_desktop_gnn_pcna_202605_phase2_phase4/data/labels/label_manifest.json,True,False,historical/incompatible or absent,test,,,False,False,False,True,False,False,historical_only_unverified,historical_pointer_only,,12,,False,no frozen-checkpoint prediction scores available in active canonical calibration artifacts
3K01,unknown,archive/historical_desktop_gnn_pcna_202605_phase2_phase4/data/labels/label_manifest.json,True,False,historical/incompatible or absent,test,,,False,False,False,True,False,False,historical_only_unverified,historical_pointer_only,,28,,False,no frozen-checkpoint prediction scores available in active canonical calibration artifacts
3KJE,unknown,archive/historical_desktop_gnn_pcna_202605_phase2_phase4/data/labels/label_manifest.json,True,False,historical/incompatible or absent,train-0,,,False,True,False,False,False,False,historical_only_unverified,historical_pointer_only,,19,,False,no frozen-checkpoint prediction scores available in active canonical calibration artifacts
3KJR,unknown,archive/historical_desktop_gnn_pcna_202605_phase2_phase4/data/labels/label_manifest.json,True,False,historical/incompatible or absent,test,,,False,False,False,True,False,False,historical_only_unverified,historical_pointer_only,,0,,False,no frozen-checkpoint prediction scores available in active canonical calibration artifacts
3KQ4,unknown,data/results/split_integrity_520.json,True,False,absent,,train,comp_0007,False,True,False,False,False,False,canonical_non_degenerate,canonical_graph_record,2526,96,0.03800475224852562,False,no frozen-checkpoint prediction scores available in active canonical calibration artifacts
3L15,unknown,archive/historical_desktop_gnn_pcna_202605_phase2_phase4/data/labels/label_manifest.json,True,False,historical/incompatible or absent,train-0,,,False,True,False,False,False,False,historical_only_unverified,historical_pointer_only,,11,,False,no frozen-checkpoint prediction scores available in active canonical calibration artifacts
3L28,unknown,archive/historical_desktop_gnn_pcna_202605_phase2_phase4/data/labels/label_manifest.json,True,False,historical/incompatible or absent,train-1,,,False,True,False,False,False,False,historical_only_unverified,historical_pointer_only,,18,,False,no frozen-checkpoint prediction scores available in active canonical calibration artifacts
3LA7,unknown,archive/historical_desktop_gnn_pcna_202605_phase2_phase4/data/labels/label_manifest.json,True,False,historical/incompatible or absent,test,,,False,False,False,True,False,False,historical_only_unverified,historical_pointer_only,,0,,False,no frozen-checkpoint prediction scores available in active canonical calibration artifacts
3LCK,unknown,archive/historical_desktop_gnn_pcna_202605_phase2_phase4/data/labels/label_manifest.json,True,False,historical/incompatible or absent,train-0,,,False,True,False,False,False,False,historical_only_unverified,historical_pointer_only,,34,,False,no frozen-checkpoint prediction scores available in active canonical calibration artifacts
3LNZ,unknown,archive/historical_desktop_gnn_pcna_202605_phase2_phase4/data/labels/label_manifest.json,True,False,historical/incompatible or absent,test,,,False,False,False,True,False,False,historical_only_unverified,historical_pointer_only,,0,,False,no frozen-checkpoint prediction scores available in active canonical calibration artifacts
3LO7,unknown,archive/historical_desktop_gnn_pcna_202605_phase2_phase4/data/labels/label_manifest.json,True,False,historical/incompatible or absent,train-0,,,False,True,False,False,False,False,historical_only_unverified,historical_pointer_only,,27,,False,no frozen-checkpoint prediction scores available in active canonical calibration artifacts
3LY8,unknown,archive/historical_desktop_gnn_pcna_202605_phase2_phase4/data/labels/label_manifest.json,True,False,historical/incompatible or absent,test,,,False,False,False,True,False,False,historical_only_unverified,historical_pointer_only,,11,,False,no frozen-checkpoint prediction scores available in active canonical calibration artifacts
3ME0,unknown,archive/historical_desktop_gnn_pcna_202605_phase2_phase4/data/labels/label_manifest.json,True,False,historical/incompatible or absent,train-3,,,False,True,False,False,False,False,historical_only_unverified,historical_pointer_only,,6,,False,no frozen-checkpoint prediction scores available in active canonical calibration artifacts
3MO4,unknown,archive/historical_desktop_gnn_pcna_202605_phase2_phase4/data/labels/label_manifest.json,True,False,historical/incompatible or absent,train-0,,,False,True,False,False,False,False,historical_only_unverified,historical_pointer_only,,13,,False,no frozen-checkpoint prediction scores available in active canonical calibration artifacts
3MO7,unknown,archive/historical_desktop_gnn_pcna_202605_phase2_phase4/data/labels/label_manifest.json,True,False,historical/incompatible or absent,train-2,,,False,True,False,False,False,False,historical_only_unverified,historical_pointer_only,,4,,False,no frozen-checkpoint prediction scores available in active canonical calibration artifacts
3MP4,unknown,archive/historical_desktop_gnn_pcna_202605_phase2_phase4/data/labels/label_manifest.json,True,False,historical/incompatible or absent,train-2,,,False,True,False,False,False,False,historical_only_unverified,historical_pointer_only,,29,,False,no frozen-checkpoint prediction scores available in active canonical calibration artifacts
3MWG,unknown,archive/historical_desktop_gnn_pcna_202605_phase2_phase4/data/labels/label_manifest.json,True,False,historical/incompatible or absent,test,,,False,False,False,True,False,False,historical_only_unverified,historical_pointer_only,,16,,False,no frozen-checkpoint prediction scores available in active canonical calibration artifacts
3MWK,unknown,archive/historical_desktop_gnn_pcna_202605_phase2_phase4/data/labels/label_manifest.json,True,False,historical/incompatible or absent,train-3,,,False,True,False,False,False,False,historical_only_unverified,historical_pointer_only,,17,,False,no frozen-checkpoint prediction scores available in active canonical calibration artifacts
3N2W,unknown,archive/historical_desktop_gnn_pcna_202605_phase2_phase4/data/labels/label_manifest.json,True,False,historical/incompatible or absent,train-2,,,False,True,False,False,False,False,historical_only_unverified,historical_pointer_only,,10,,False,no frozen-checkpoint prediction scores available in active canonical calibration artifacts
3N4U,unknown,archive/historical_desktop_gnn_pcna_202605_phase2_phase4/data/labels/label_manifest.json,True,False,historical/incompatible or absent,test,,,False,False,False,True,False,False,historical_only_unverified,historical_pointer_only,,20,,False,no frozen-checkpoint prediction scores available in active canonical calibration artifacts
3N86,unknown,data/results/split_integrity_520.json,True,False,absent,,train,comp_0006,False,True,False,False,False,False,canonical_non_degenerate,canonical_graph_record,3394,471,0.1387743055820465,False,no frozen-checkpoint prediction scores available in active canonical calibration artifacts
3NAG,unknown,archive/historical_desktop_gnn_pcna_202605_phase2_phase4/data/labels/label_manifest.json,True,False,historical/incompatible or absent,train-2,,,False,True,False,False,False,False,historical_only_unverified,historical_pointer_only,,0,,False,no frozen-checkpoint prediction scores available in active canonical calibration artifacts
3NAQ,unknown,archive/historical_desktop_gnn_pcna_202605_phase2_phase4/data/labels/label_manifest.json,True,False,historical/incompatible or absent,train-0,,,False,True,False,False,False,False,historical_only_unverified,historical_pointer_only,,32,,False,no frozen-checkpoint prediction scores available in active canonical calibration artifacts
3NAX,unknown,archive/historical_desktop_gnn_pcna_202605_phase2_phase4/data/labels/label_manifest.json,True,False,historical/incompatible or absent,train-0,,,False,True,False,False,False,False,historical_only_unverified,historical_pointer_only,,23,,False,no frozen-checkpoint prediction scores available in active canonical calibration artifacts
3NSH,unknown,archive/historical_desktop_gnn_pcna_202605_phase2_phase4/data/labels/label_manifest.json,True,False,historical/incompatible or absent,train-0,,,False,True,False,False,False,False,historical_only_unverified,historical_pointer_only,,10,,False,no frozen-checkpoint prediction scores available in active canonical calibration artifacts
3NSU,unknown,archive/historical_desktop_gnn_pcna_202605_phase2_phase4/data/labels/label_manifest.json,True,False,historical/incompatible or absent,train-3,,,False,True,False,False,False,False,historical_only_unverified,historical_pointer_only,,5,,False,no frozen-checkpoint prediction scores available in active canonical calibration artifacts
3NX1,unknown,archive/historical_desktop_gnn_pcna_202605_phase2_phase4/data/labels/label_manifest.json,True,False,historical/incompatible or absent,test,,,False,False,False,True,False,False,historical_only_unverified,historical_pointer_only,,10,,False,no frozen-checkpoint prediction scores available in active canonical calibration artifacts
3ODN,unknown,archive/historical_desktop_gnn_pcna_202605_phase2_phase4/data/labels/label_manifest.json,True,False,historical/incompatible or absent,train-0,,,False,True,False,False,False,False,historical_only_unverified,historical_pointer_only,,19,,False,no frozen-checkpoint prediction scores available in active canonical calibration artifacts
3OFJ,unknown,archive/historical_desktop_gnn_pcna_202605_phase2_phase4/data/labels/label_manifest.json,True,False,historical/incompatible or absent,train-2,,,False,True,False,False,False,False,historical_only_unverified,historical_pointer_only,,20,,False,no frozen-checkpoint prediction scores available in active canonical calibration artifacts
3OGU,unknown,archive/historical_desktop_gnn_pcna_202605_phase2_phase4/data/labels/label_manifest.json,True,False,historical/incompatible or absent,train-1,,,False,True,False,False,False,False,historical_only_unverified,historical_pointer_only,,21,,False,no frozen-checkpoint prediction scores available in active canonical calibration artifacts
3OIC,unknown,archive/historical_desktop_gnn_pcna_202605_phase2_phase4/data/labels/label_manifest.json,True,False,historical/incompatible or absent,train-3,,,False,True,False,False,False,False,historical_only_unverified,historical_pointer_only,,34,,False,no frozen-checkpoint prediction scores available in active canonical calibration artifacts
3OY6,unknown,archive/historical_desktop_gnn_pcna_202605_phase2_phase4/data/labels/label_manifest.json,True,False,historical/incompatible or absent,train-2,,,False,True,False,False,False,False,historical_only_unverified,historical_pointer_only,,19,,False,no frozen-checkpoint prediction scores available in active canonical calibration artifacts
3P08,unknown,archive/historical_desktop_gnn_pcna_202605_phase2_phase4/data/labels/label_manifest.json,True,False,historical/incompatible or absent,train-0,,,False,True,False,False,False,False,historical_only_unverified,historical_pointer_only,,73,,False,no frozen-checkpoint prediction scores available in active canonical calibration artifacts
3P3I,unknown,archive/historical_desktop_gnn_pcna_202605_phase2_phase4/data/labels/label_manifest.json,True,False,historical/incompatible or absent,train-3,,,False,True,False,False,False,False,historical_only_unverified,historical_pointer_only,,0,,False,no frozen-checkpoint prediction scores available in active canonical calibration artifacts
3P6E,unknown,archive/historical_desktop_gnn_pcna_202605_phase2_phase4/data/labels/label_manifest.json,True,False,historical/incompatible or absent,train-3,,,False,True,False,False,False,False,historical_only_unverified,historical_pointer_only,,11,,False,no frozen-checkpoint prediction scores available in active canonical calibration artifacts
3P87,unknown,results/per_structure/summary_table.csv,False,False,absent,,,,True,False,False,False,True,True,none,historical_pointer_only,,,,False,PCNA/PCNA-family structure; forbidden for independent extraction selection
3PBF,unknown,archive/historical_desktop_gnn_pcna_202605_phase2_phase4/data/labels/label_manifest.json,True,False,historical/incompatible or absent,test,,,False,False,False,True,False,False,historical_only_unverified,historical_pointer_only,,7,,False,no frozen-checkpoint prediction scores available in active canonical calibration artifacts
3PFP,unknown,archive/historical_desktop_gnn_pcna_202605_phase2_phase4/data/labels/label_manifest.json,True,False,historical/incompatible or absent,test,,,False,False,False,True,False,False,historical_only_unverified,historical_pointer_only,,0,,False,no frozen-checkpoint prediction scores available in active canonical calibration artifacts
3PGS,unknown,archive/historical_desktop_gnn_pcna_202605_phase2_phase4/data/labels/label_manifest.json,True,False,historical/incompatible or absent,train-1,,,False,True,False,False,False,False,historical_only_unverified,historical_pointer_only,,3,,False,no frozen-checkpoint prediction scores available in active canonical calibration artifacts
3PHZ,unknown,archive/historical_desktop_gnn_pcna_202605_phase2_phase4/data/labels/label_manifest.json,True,False,historical/incompatible or absent,train-0,,,False,True,False,False,False,False,historical_only_unverified,historical_pointer_only,,0,,False,no frozen-checkpoint prediction scores available in active canonical calibration artifacts
3PID,unknown,archive/historical_desktop_gnn_pcna_202605_phase2_phase4/data/labels/label_manifest.json,True,False,historical/incompatible or absent,train-2,,,False,True,False,False,False,False,historical_only_unverified,historical_pointer_only,,13,,False,no frozen-checkpoint prediction scores available in active canonical calibration artifacts
3PKQ,unknown,archive/historical_desktop_gnn_pcna_202605_phase2_phase4/data/labels/label_manifest.json,True,False,historical/incompatible or absent,train-1,,,False,True,False,False,False,False,historical_only_unverified,historical_pointer_only,,0,,False,no frozen-checkpoint prediction scores available in active canonical calibration artifacts
3PSG,unknown,archive/historical_desktop_gnn_pcna_202605_phase2_phase4/data/labels/label_manifest.json,True,False,historical/incompatible or absent,train-2,,,False,True,False,False,False,False,historical_only_unverified,historical_pointer_only,,32,,False,no frozen-checkpoint prediction scores available in active canonical calibration artifacts
3PX7,unknown,archive/historical_desktop_gnn_pcna_202605_phase2_phase4/data/labels/label_manifest.json,True,False,historical/incompatible or absent,train-3,,,False,True,False,False,False,False,historical_only_unverified,historical_pointer_only,,17,,False,no frozen-checkpoint prediction scores available in active canonical calibration artifacts
3PXF,unknown,data/results/split_integrity_520.json,True,False,absent,,train,comp_0001,False,True,False,False,False,False,canonical_non_degenerate,canonical_graph_record,302,12,0.0397351011633873,False,no frozen-checkpoint prediction scores available in active canonical calibration artifacts
3Q6U,unknown,archive/historical_desktop_gnn_pcna_202605_phase2_phase4/data/labels/label_manifest.json,True,False,historical/incompatible or absent,train-1,,,False,True,False,False,False,False,historical_only_unverified,historical_pointer_only,,48,,False,no frozen-checkpoint prediction scores available in active canonical calibration artifacts
3QAS,unknown,archive/historical_desktop_gnn_pcna_202605_phase2_phase4/data/labels/label_manifest.json,True,False,historical/incompatible or absent,train-1,,,False,True,False,False,False,False,historical_only_unverified,historical_pointer_only,,61,,False,no frozen-checkpoint prediction scores available in active canonical calibration artifacts
3QR9,unknown,archive/historical_desktop_gnn_pcna_202605_phase2_phase4/data/labels/label_manifest.json,True,False,historical/incompatible or absent,train-2,,,False,True,False,False,False,False,historical_only_unverified,historical_pointer_only,,36,,False,no frozen-checkpoint prediction scores available in active canonical calibration artifacts
3QWA,unknown,archive/historical_desktop_gnn_pcna_202605_phase2_phase4/data/labels/label_manifest.json,True,False,historical/incompatible or absent,train-3,,,False,True,False,False,False,False,historical_only_unverified,historical_pointer_only,,32,,False,no frozen-checkpoint prediction scores available in active canonical calibration artifacts
3QWD,unknown,archive/historical_desktop_gnn_pcna_202605_phase2_phase4/data/labels/label_manifest.json,True,False,historical/incompatible or absent,train-2,,,False,True,False,False,False,False,historical_only_unverified,historical_pointer_only,,20,,False,no frozen-checkpoint prediction scores available in active canonical calibration artifacts
3R5S,unknown,archive/historical_desktop_gnn_pcna_202605_phase2_phase4/data/labels/label_manifest.json,True,False,historical/incompatible or absent,train-1,,,False,True,False,False,False,False,historical_only_unverified,historical_pointer_only,,21,,False,no frozen-checkpoint prediction scores available in active canonical calibration artifacts
3RBH,unknown,archive/historical_desktop_gnn_pcna_202605_phase2_phase4/data/labels/label_manifest.json,True,False,historical/incompatible or absent,train-2,,,False,True,False,False,False,False,historical_only_unverified,historical_pointer_only,,13,,False,no frozen-checkpoint prediction scores available in active canonical calibration artifacts
3RJ3,unknown,archive/historical_desktop_gnn_pcna_202605_phase2_phase4/data/labels/label_manifest.json,True,False,historical/incompatible or absent,train-3,,,False,True,False,False,False,False,historical_only_unverified,historical_pointer_only,,14,,False,no frozen-checkpoint prediction scores available in active canonical calibration artifacts
3RMY,unknown,archive/historical_desktop_gnn_pcna_202605_phase2_phase4/data/labels/label_manifest.json,True,False,historical/incompatible or absent,train-3,,,False,True,False,False,False,False,historical_only_unverified,historical_pointer_only,,8,,False,no frozen-checkpoint prediction scores available in active canonical calibration artifacts
3RPP,unknown,archive/historical_desktop_gnn_pcna_202605_phase2_phase4/data/labels/label_manifest.json,True,False,historical/incompatible or absent,train-2,,,False,True,False,False,False,False,historical_only_unverified,historical_pointer_only,,0,,False,no frozen-checkpoint prediction scores available in active canonical calibration artifacts
3RWO,unknown,archive/historical_desktop_gnn_pcna_202605_phase2_phase4/data/labels/label_manifest.json,True,False,historical/incompatible or absent,train-0,,,False,True,False,False,False,False,historical_only_unverified,historical_pointer_only,,4,,False,no frozen-checkpoint prediction scores available in active canonical calibration artifacts
3RWV,unknown,archive/historical_desktop_gnn_pcna_202605_phase2_phase4/data/labels/label_manifest.json,True,False,historical/incompatible or absent,test,,,False,False,False,True,False,False,historical_only_unverified,historical_pointer_only,,18,,False,no frozen-checkpoint prediction scores available in active canonical calibration artifacts
3S6W,unknown,archive/historical_desktop_gnn_pcna_202605_phase2_phase4/data/labels/label_manifest.json,True,False,historical/incompatible or absent,train-0,,,False,True,False,False,False,False,historical_only_unverified,historical_pointer_only,,4,,False,no frozen-checkpoint prediction scores available in active canonical calibration artifacts
3SEB,unknown,archive/historical_desktop_gnn_pcna_202605_phase2_phase4/data/labels/label_manifest.json,True,False,historical/incompatible or absent,train-3,,,False,True,False,False,False,False,historical_only_unverified,historical_pointer_only,,9,,False,no frozen-checkpoint prediction scores available in active canonical calibration artifacts
3SR3,unknown,archive/historical_desktop_gnn_pcna_202605_phase2_phase4/data/labels/label_manifest.json,True,False,historical/incompatible or absent,train-1,,,False,True,False,False,False,False,historical_only_unverified,historical_pointer_only,,13,,False,no frozen-checkpoint prediction scores available in active canonical calibration artifacts
3SSX,unknown,archive/historical_desktop_gnn_pcna_202605_phase2_phase4/data/labels/label_manifest.json,True,False,historical/incompatible or absent,train-2,,,False,True,False,False,False,False,historical_only_unverified,historical_pointer_only,,13,,False,no frozen-checkpoint prediction scores available in active canonical calibration artifacts
3ST6,unknown,archive/historical_desktop_gnn_pcna_202605_phase2_phase4/data/labels/label_manifest.json,True,False,historical/incompatible or absent,test,,,False,False,False,True,False,False,historical_only_unverified,historical_pointer_only,,30,,False,no frozen-checkpoint prediction scores available in active canonical calibration artifacts
3T8B,unknown,archive/historical_desktop_gnn_pcna_202605_phase2_phase4/data/labels/label_manifest.json,True,False,historical/incompatible or absent,test,,,False,False,False,True,False,False,historical_only_unverified,historical_pointer_only,,15,,False,no frozen-checkpoint prediction scores available in active canonical calibration artifacts
3TBL,unknown,results/per_structure/summary_table.csv,False,False,absent,,,,True,False,False,False,True,True,none,historical_pointer_only,,,,False,PCNA/PCNA-family structure; forbidden for independent extraction selection
3TPE,unknown,archive/historical_desktop_gnn_pcna_202605_phase2_phase4/data/labels/label_manifest.json,True,False,historical/incompatible or absent,train-3,,,False,True,False,False,False,False,historical_only_unverified,historical_pointer_only,,25,,False,no frozen-checkpoint prediction scores available in active canonical calibration artifacts
3TPO,unknown,archive/historical_desktop_gnn_pcna_202605_phase2_phase4/data/labels/label_manifest.json,True,False,historical/incompatible or absent,test,,,False,False,False,True,False,False,historical_only_unverified,historical_pointer_only,,8,,False,no frozen-checkpoint prediction scores available in active canonical calibration artifacts
3U49,unknown,archive/historical_desktop_gnn_pcna_202605_phase2_phase4/data/labels/label_manifest.json,True,False,historical/incompatible or absent,train-3,,,False,True,False,False,False,False,historical_only_unverified,historical_pointer_only,,30,,False,no frozen-checkpoint prediction scores available in active canonical calibration artifacts
3U6K,unknown,archive/historical_desktop_gnn_pcna_202605_phase2_phase4/data/labels/label_manifest.json,True,False,historical/incompatible or absent,train-1,,,False,True,False,False,False,False,historical_only_unverified,historical_pointer_only,,8,,False,no frozen-checkpoint prediction scores available in active canonical calibration artifacts
3UGK,unknown,archive/historical_desktop_gnn_pcna_202605_phase2_phase4/data/labels/label_manifest.json,True,False,historical/incompatible or absent,test,,,False,False,False,True,False,False,historical_only_unverified,historical_pointer_only,,38,,False,no frozen-checkpoint prediction scores available in active canonical calibration artifacts
3UMI,unknown,archive/historical_desktop_gnn_pcna_202605_phase2_phase4/data/labels/label_manifest.json,True,False,historical/incompatible or absent,train-2,,,False,True,False,False,False,False,historical_only_unverified,historical_pointer_only,,5,,False,no frozen-checkpoint prediction scores available in active canonical calibration artifacts
3UYI,unknown,archive/historical_desktop_gnn_pcna_202605_phase2_phase4/data/labels/label_manifest.json,True,False,historical/incompatible or absent,test,,,False,False,False,True,False,False,historical_only_unverified,historical_pointer_only,,18,,False,no frozen-checkpoint prediction scores available in active canonical calibration artifacts
3V55,unknown,archive/historical_desktop_gnn_pcna_202605_phase2_phase4/data/labels/label_manifest.json,True,False,historical/incompatible or absent,test,,,False,False,False,True,False,False,historical_only_unverified,historical_pointer_only,,29,,False,no frozen-checkpoint prediction scores available in active canonical calibration artifacts
3VC7,unknown,archive/historical_desktop_gnn_pcna_202605_phase2_phase4/data/labels/label_manifest.json,True,False,historical/incompatible or absent,train-3,,,False,True,False,False,False,False,historical_only_unverified,historical_pointer_only,,29,,False,no frozen-checkpoint prediction scores available in active canonical calibration artifacts
3VDM,unknown,archive/historical_desktop_gnn_pcna_202605_phase2_phase4/data/labels/label_manifest.json,True,False,historical/incompatible or absent,train-2,,,False,True,False,False,False,False,historical_only_unverified,historical_pointer_only,,17,,False,no frozen-checkpoint prediction scores available in active canonical calibration artifacts
3VE9,unknown,archive/historical_desktop_gnn_pcna_202605_phase2_phase4/data/labels/label_manifest.json,True,False,historical/incompatible or absent,test,,,False,False,False,True,False,False,historical_only_unverified,historical_pointer_only,,0,,False,no frozen-checkpoint prediction scores available in active canonical calibration artifacts
3VGM,unknown,archive/historical_desktop_gnn_pcna_202605_phase2_phase4/data/labels/label_manifest.json,True,False,historical/incompatible or absent,test,,,False,False,False,True,False,False,historical_only_unverified,historical_pointer_only,,19,,False,no frozen-checkpoint prediction scores available in active canonical calibration artifacts
3VHO,unknown,archive/historical_desktop_gnn_pcna_202605_phase2_phase4/data/labels/label_manifest.json,True,False,historical/incompatible or absent,train-2,,,False,True,False,False,False,False,historical_only_unverified,historical_pointer_only,,7,,False,no frozen-checkpoint prediction scores available in active canonical calibration artifacts
3VIA,unknown,archive/historical_desktop_gnn_pcna_202605_phase2_phase4/data/labels/label_manifest.json,True,False,historical/incompatible or absent,train-0,,,False,True,False,False,False,False,historical_only_unverified,historical_pointer_only,,9,,False,no frozen-checkpoint prediction scores available in active canonical calibration artifacts
3VJB,unknown,archive/historical_desktop_gnn_pcna_202605_phase2_phase4/data/labels/label_manifest.json,True,False,historical/incompatible or absent,train-0,,,False,True,False,False,False,False,historical_only_unverified,historical_pointer_only,,26,,False,no frozen-checkpoint prediction scores available in active canonical calibration artifacts
3VJZ,unknown,archive/historical_desktop_gnn_pcna_202605_phase2_phase4/data/labels/label_manifest.json,True,False,historical/incompatible or absent,train-2,,,False,True,False,False,False,False,historical_only_unverified,historical_pointer_only,,3,,False,no frozen-checkpoint prediction scores available in active canonical calibration artifacts
3VKX,unknown,results/per_structure/summary_table.csv,False,False,absent,,,,True,False,False,False,True,True,none,historical_pointer_only,,,,False,PCNA/PCNA-family structure; forbidden for independent extraction selection
3VQ9,unknown,archive/historical_desktop_gnn_pcna_202605_phase2_phase4/data/labels/label_manifest.json,True,False,historical/incompatible or absent,train-0,,,False,True,False,False,False,False,historical_only_unverified,historical_pointer_only,,0,,False,no frozen-checkpoint prediction scores available in active canonical calibration artifacts
3VSK,unknown,archive/historical_desktop_gnn_pcna_202605_phase2_phase4/data/labels/label_manifest.json,True,False,historical/incompatible or absent,train-0,,,False,True,False,False,False,False,historical_only_unverified,historical_pointer_only,,17,,False,no frozen-checkpoint prediction scores available in active canonical calibration artifacts
3VU2,unknown,archive/historical_desktop_gnn_pcna_202605_phase2_phase4/data/labels/label_manifest.json,True,False,historical/incompatible or absent,train-2,,,False,True,False,False,False,False,historical_only_unverified,historical_pointer_only,,4,,False,no frozen-checkpoint prediction scores available in active canonical calibration artifacts
3VW1,unknown,archive/historical_desktop_gnn_pcna_202605_phase2_phase4/data/labels/label_manifest.json,True,False,historical/incompatible or absent,train-3,,,False,True,False,False,False,False,historical_only_unverified,historical_pointer_only,,19,,False,no frozen-checkpoint prediction scores available in active canonical calibration artifacts
3VZC,unknown,archive/historical_desktop_gnn_pcna_202605_phase2_phase4/data/labels/label_manifest.json,True,False,historical/incompatible or absent,train-0,,,False,True,False,False,False,False,historical_only_unverified,historical_pointer_only,,22,,False,no frozen-checkpoint prediction scores available in active canonical calibration artifacts
3W3G,unknown,archive/historical_desktop_gnn_pcna_202605_phase2_phase4/data/labels/label_manifest.json,True,False,historical/incompatible or absent,train-2,,,False,True,False,False,False,False,historical_only_unverified,historical_pointer_only,,0,,False,no frozen-checkpoint prediction scores available in active canonical calibration artifacts
3W59,unknown,archive/historical_desktop_gnn_pcna_202605_phase2_phase4/data/labels/label_manifest.json,True,False,historical/incompatible or absent,train-0,,,False,True,False,False,False,False,historical_only_unverified,historical_pointer_only,,17,,False,no frozen-checkpoint prediction scores available in active canonical calibration artifacts
3W90,unknown,archive/historical_desktop_gnn_pcna_202605_phase2_phase4/data/labels/label_manifest.json,True,False,historical/incompatible or absent,test,,,False,False,False,True,False,False,historical_only_unverified,historical_pointer_only,,19,,False,no frozen-checkpoint prediction scores available in active canonical calibration artifacts
3WB9,unknown,archive/historical_desktop_gnn_pcna_202605_phase2_phase4/data/labels/label_manifest.json,True,False,historical/incompatible or absent,test,,,False,False,False,True,False,False,historical_only_unverified,historical_pointer_only,,28,,False,no frozen-checkpoint prediction scores available in active canonical calibration artifacts
3WDW,unknown,archive/historical_desktop_gnn_pcna_202605_phase2_phase4/data/labels/label_manifest.json,True,False,historical/incompatible or absent,train-1,,,False,True,False,False,False,False,historical_only_unverified,historical_pointer_only,,10,,False,no frozen-checkpoint prediction scores available in active canonical calibration artifacts
3WMG,unknown,archive/historical_desktop_gnn_pcna_202605_phase2_phase4/data/labels/label_manifest.json,True,False,historical/incompatible or absent,train-2,,,False,True,False,False,False,False,historical_only_unverified,historical_pointer_only,,27,,False,no frozen-checkpoint prediction scores available in active canonical calibration artifacts
3WXL,unknown,archive/historical_desktop_gnn_pcna_202605_phase2_phase4/data/labels/label_manifest.json,True,False,historical/incompatible or absent,train-2,,,False,True,False,False,False,False,historical_only_unverified,historical_pointer_only,,14,,False,no frozen-checkpoint prediction scores available in active canonical calibration artifacts
3X0X,unknown,archive/historical_desktop_gnn_pcna_202605_phase2_phase4/data/labels/label_manifest.json,True,False,historical/incompatible or absent,test,,,False,False,False,True,False,False,historical_only_unverified,historical_pointer_only,,0,,False,no frozen-checkpoint prediction scores available in active canonical calibration artifacts
3X13,unknown,archive/historical_desktop_gnn_pcna_202605_phase2_phase4/data/labels/label_manifest.json,True,False,historical/incompatible or absent,train-3,,,False,True,False,False,False,False,historical_only_unverified,historical_pointer_only,,3,,False,no frozen-checkpoint prediction scores available in active canonical calibration artifacts
3ZGC,unknown,archive/historical_desktop_gnn_pcna_202605_phase2_phase4/data/labels/label_manifest.json,True,False,historical/incompatible or absent,train-2,,,False,True,False,False,False,False,historical_only_unverified,historical_pointer_only,,0,,False,no frozen-checkpoint prediction scores available in active canonical calibration artifacts
3ZHZ,unknown,archive/historical_desktop_gnn_pcna_202605_phase2_phase4/data/labels/label_manifest.json,True,False,historical/incompatible or absent,train-2,,,False,True,False,False,False,False,historical_only_unverified,historical_pointer_only,,44,,False,no frozen-checkpoint prediction scores available in active canonical calibration artifacts
3ZO8,unknown,archive/historical_desktop_gnn_pcna_202605_phase2_phase4/data/labels/label_manifest.json,True,False,historical/incompatible or absent,train-0,,,False,True,False,False,False,False,historical_only_unverified,historical_pointer_only,,0,,False,no frozen-checkpoint prediction scores available in active canonical calibration artifacts
4A6P,unknown,archive/historical_desktop_gnn_pcna_202605_phase2_phase4/data/labels/label_manifest.json,True,False,historical/incompatible or absent,train-2,,,False,True,False,False,False,False,historical_only_unverified,historical_pointer_only,,4,,False,no frozen-checkpoint prediction scores available in active canonical calibration artifacts
4AAL,unknown,archive/historical_desktop_gnn_pcna_202605_phase2_phase4/data/labels/label_manifest.json,True,False,historical/incompatible or absent,train-0,,,False,True,False,False,False,False,historical_only_unverified,historical_pointer_only,,11,,False,no frozen-checkpoint prediction scores available in active canonical calibration artifacts
4AEM,unknown,archive/historical_desktop_gnn_pcna_202605_phase2_phase4/data/labels/label_manifest.json,True,False,historical/incompatible or absent,test,,,False,False,False,True,False,False,historical_only_unverified,historical_pointer_only,,6,,False,no frozen-checkpoint prediction scores available in active canonical calibration artifacts
4AKD,unknown,archive/historical_desktop_gnn_pcna_202605_phase2_phase4/data/labels/label_manifest.json,True,False,historical/incompatible or absent,train-3,,,False,True,False,False,False,False,historical_only_unverified,historical_pointer_only,,5,,False,no frozen-checkpoint prediction scores available in active canonical calibration artifacts
4AMV,unknown,archive/historical_desktop_gnn_pcna_202605_phase2_phase4/data/labels/label_manifest.json,True,False,historical/incompatible or absent,test,,,False,False,False,True,False,False,historical_only_unverified,historical_pointer_only,,15,,False,no frozen-checkpoint prediction scores available in active canonical calibration artifacts
4BA4,unknown,archive/historical_desktop_gnn_pcna_202605_phase2_phase4/data/labels/label_manifest.json,True,False,historical/incompatible or absent,train-0,,,False,True,False,False,False,False,historical_only_unverified,historical_pointer_only,,0,,False,no frozen-checkpoint prediction scores available in active canonical calibration artifacts
4BG8,unknown,archive/historical_desktop_gnn_pcna_202605_phase2_phase4/data/labels/label_manifest.json,True,False,historical/incompatible or absent,test,,,False,False,False,True,False,False,historical_only_unverified,historical_pointer_only,,16,,False,no frozen-checkpoint prediction scores available in active canonical calibration artifacts
4BRR,unknown,archive/historical_desktop_gnn_pcna_202605_phase2_phase4/data/labels/label_manifest.json,True,False,historical/incompatible or absent,train-0,,,False,True,False,False,False,False,historical_only_unverified,historical_pointer_only,,5,,False,no frozen-checkpoint prediction scores available in active canonical calibration artifacts
4BY5,unknown,archive/historical_desktop_gnn_pcna_202605_phase2_phase4/data/labels/label_manifest.json,True,False,historical/incompatible or absent,train-3,,,False,True,False,False,False,False,historical_only_unverified,historical_pointer_only,,17,,False,no frozen-checkpoint prediction scores available in active canonical calibration artifacts
4C6B,unknown,archive/historical_desktop_gnn_pcna_202605_phase2_phase4/data/labels/label_manifest.json,True,False,historical/incompatible or absent,train-3,,,False,True,False,False,False,False,historical_only_unverified,historical_pointer_only,,21,,False,no frozen-checkpoint prediction scores available in active canonical calibration artifacts
4CMW,unknown,archive/historical_desktop_gnn_pcna_202605_phase2_phase4/data/labels/label_manifest.json,True,False,historical/incompatible or absent,test,,,False,False,False,True,False,False,historical_only_unverified,historical_pointer_only,,19,,False,no frozen-checkpoint prediction scores available in active canonical calibration artifacts
4CON,unknown,archive/historical_desktop_gnn_pcna_202605_phase2_phase4/data/labels/label_manifest.json,True,False,historical/incompatible or absent,train-2,,,False,True,False,False,False,False,historical_only_unverified,historical_pointer_only,,0,,False,no frozen-checkpoint prediction scores available in active canonical calibration artifacts
4CRY,unknown,archive/historical_desktop_gnn_pcna_202605_phase2_phase4/data/labels/label_manifest.json,True,False,historical/incompatible or absent,train-3,,,False,True,False,False,False,False,historical_only_unverified,historical_pointer_only,,0,,False,no frozen-checkpoint prediction scores available in active canonical calibration artifacts
4D1N,unknown,archive/historical_desktop_gnn_pcna_202605_phase2_phase4/data/labels/label_manifest.json,True,False,historical/incompatible or absent,train-3,,,False,True,False,False,False,False,historical_only_unverified,historical_pointer_only,,4,,False,no frozen-checkpoint prediction scores available in active canonical calibration artifacts
4D2G,unknown,data/raw_intake/pcna_structures/4D2G_poly_entity.json,False,False,absent,,,,True,False,False,False,True,True,none,structure_only,,,,False,PCNA/PCNA-family structure; forbidden for independent extraction selection
4D2O,unknown,archive/historical_desktop_gnn_pcna_202605_phase2_phase4/data/labels/label_manifest.json,True,False,historical/incompatible or absent,train-0,,,False,True,False,False,False,False,historical_only_unverified,historical_pointer_only,,14,,False,no frozen-checkpoint prediction scores available in active canonical calibration artifacts
4D8L,unknown,archive/historical_desktop_gnn_pcna_202605_phase2_phase4/data/labels/label_manifest.json,True,False,historical/incompatible or absent,train-1,,,False,True,False,False,False,False,historical_only_unverified,historical_pointer_only,,18,,False,no frozen-checkpoint prediction scores available in active canonical calibration artifacts
4DMZ,unknown,archive/historical_desktop_gnn_pcna_202605_phase2_phase4/data/labels/label_manifest.json,True,False,historical/incompatible or absent,train-0,,,False,True,False,False,False,False,historical_only_unverified,historical_pointer_only,,10,,False,no frozen-checkpoint prediction scores available in active canonical calibration artifacts
4DNC,unknown,archive/historical_desktop_gnn_pcna_202605_phase2_phase4/data/labels/label_manifest.json,True,False,historical/incompatible or absent,test,,,False,False,False,True,False,False,historical_only_unverified,historical_pointer_only,,26,,False,no frozen-checkpoint prediction scores available in active canonical calibration artifacts
4E00,unknown,archive/historical_desktop_gnn_pcna_202605_phase2_phase4/data/labels/label_manifest.json,True,False,historical/incompatible or absent,train-3,,,False,True,False,False,False,False,historical_only_unverified,historical_pointer_only,,20,,False,no frozen-checkpoint prediction scores available in active canonical calibration artifacts
4E1Y,unknown,archive/historical_desktop_gnn_pcna_202605_phase2_phase4/data/labels/label_manifest.json,True,False,historical/incompatible or absent,test,,,False,False,False,True,False,False,historical_only_unverified,historical_pointer_only,,5,,False,no frozen-checkpoint prediction scores available in active canonical calibration artifacts
4EI8,unknown,archive/historical_desktop_gnn_pcna_202605_phase2_phase4/data/labels/label_manifest.json,True,False,historical/incompatible or absent,train-1,,,False,True,False,False,False,False,historical_only_unverified,historical_pointer_only,,25,,False,no frozen-checkpoint prediction scores available in active canonical calibration artifacts
4EIZ,unknown,archive/historical_desktop_gnn_pcna_202605_phase2_phase4/data/labels/label_manifest.json,True,False,historical/incompatible or absent,train-1,,,False,True,False,False,False,False,historical_only_unverified,historical_pointer_only,,54,,False,no frozen-checkpoint prediction scores available in active canonical calibration artifacts
4EKF,unknown,archive/historical_desktop_gnn_pcna_202605_phase2_phase4/data/labels/label_manifest.json,True,False,historical/incompatible or absent,train-1,,,False,True,False,False,False,False,historical_only_unverified,historical_pointer_only,,12,,False,no frozen-checkpoint prediction scores available in active canonical calibration artifacts
4ERI,unknown,archive/historical_desktop_gnn_pcna_202605_phase2_phase4/data/labels/label_manifest.json,True,False,historical/incompatible or absent,train-0,,,False,True,False,False,False,False,historical_only_unverified,historical_pointer_only,,0,,False,no frozen-checkpoint prediction scores available in active canonical calibration artifacts
4ESH,unknown,archive/historical_desktop_gnn_pcna_202605_phase2_phase4/data/labels/label_manifest.json,True,False,historical/incompatible or absent,train-2,,,False,True,False,False,False,False,historical_only_unverified,historical_pointer_only,,14,,False,no frozen-checkpoint prediction scores available in active canonical calibration artifacts
4F0I,unknown,archive/historical_desktop_gnn_pcna_202605_phase2_phase4/data/labels/label_manifest.json,True,False,historical/incompatible or absent,train-0,,,False,True,False,False,False,False,historical_only_unverified,historical_pointer_only,,36,,False,no frozen-checkpoint prediction scores available in active canonical calibration artifacts
4F4I,unknown,archive/historical_desktop_gnn_pcna_202605_phase2_phase4/data/labels/label_manifest.json,True,False,historical/incompatible or absent,train-2,,,False,True,False,False,False,False,historical_only_unverified,historical_pointer_only,,15,,False,no frozen-checkpoint prediction scores available in active canonical calibration artifacts
4F5H,unknown,archive/historical_desktop_gnn_pcna_202605_phase2_phase4/data/labels/label_manifest.json,True,False,historical/incompatible or absent,train-2,,,False,True,False,False,False,False,historical_only_unverified,historical_pointer_only,,22,,False,no frozen-checkpoint prediction scores available in active canonical calibration artifacts
4F7D,unknown,archive/historical_desktop_gnn_pcna_202605_phase2_phase4/data/labels/label_manifest.json,True,False,historical/incompatible or absent,train-0,,,False,True,False,False,False,False,historical_only_unverified,historical_pointer_only,,22,,False,no frozen-checkpoint prediction scores available in active canonical calibration artifacts
4FAF,unknown,archive/historical_desktop_gnn_pcna_202605_phase2_phase4/data/labels/label_manifest.json,True,False,historical/incompatible or absent,train-1,,,False,True,False,False,False,False,historical_only_unverified,historical_pointer_only,,0,,False,no frozen-checkpoint prediction scores available in active canonical calibration artifacts
4FKM,unknown,archive/historical_desktop_gnn_pcna_202605_phase2_phase4/data/labels/label_manifest.json,True,False,historical/incompatible or absent,test,,,False,False,False,True,False,False,historical_only_unverified,historical_pointer_only,,16,,False,no frozen-checkpoint prediction scores available in active canonical calibration artifacts
4FL8,unknown,archive/historical_desktop_gnn_pcna_202605_phase2_phase4/data/labels/label_manifest.json,True,False,historical/incompatible or absent,train-0,,,False,True,False,False,False,False,historical_only_unverified,historical_pointer_only,,0,,False,no frozen-checkpoint prediction scores available in active canonical calibration artifacts
4GF1,unknown,archive/historical_desktop_gnn_pcna_202605_phase2_phase4/data/labels/label_manifest.json,True,False,historical/incompatible or absent,train-3,,,False,True,False,False,False,False,historical_only_unverified,historical_pointer_only,,13,,False,no frozen-checkpoint prediction scores available in active canonical calibration artifacts
4GI3,unknown,archive/historical_desktop_gnn_pcna_202605_phase2_phase4/data/labels/label_manifest.json,True,False,historical/incompatible or absent,train-3,,,False,True,False,False,False,False,historical_only_unverified,historical_pointer_only,,9,,False,no frozen-checkpoint prediction scores available in active canonical calibration artifacts
4GOJ,unknown,archive/historical_desktop_gnn_pcna_202605_phase2_phase4/data/labels/label_manifest.json,True,False,historical/incompatible or absent,train-3,,,False,True,False,False,False,False,historical_only_unverified,historical_pointer_only,,21,,False,no frozen-checkpoint prediction scores available in active canonical calibration artifacts
4GOY,unknown,archive/historical_desktop_gnn_pcna_202605_phase2_phase4/data/labels/label_manifest.json,True,False,historical/incompatible or absent,train-0,,,False,True,False,False,False,False,historical_only_unverified,historical_pointer_only,,26,,False,no frozen-checkpoint prediction scores available in active canonical calibration artifacts
4GU8,unknown,archive/historical_desktop_gnn_pcna_202605_phase2_phase4/data/labels/label_manifest.json,True,False,historical/incompatible or absent,train-0,,,False,True,False,False,False,False,historical_only_unverified,historical_pointer_only,,8,,False,no frozen-checkpoint prediction scores available in active canonical calibration artifacts
4GV9,unknown,archive/historical_desktop_gnn_pcna_202605_phase2_phase4/data/labels/label_manifest.json,True,False,historical/incompatible or absent,test,,,False,False,False,True,False,False,historical_only_unverified,historical_pointer_only,,5,,False,no frozen-checkpoint prediction scores available in active canonical calibration artifacts
4GVR,unknown,archive/historical_desktop_gnn_pcna_202605_phase2_phase4/data/labels/label_manifest.json,True,False,historical/incompatible or absent,train-0,,,False,True,False,False,False,False,historical_only_unverified,historical_pointer_only,,26,,False,no frozen-checkpoint prediction scores available in active canonical calibration artifacts
4HC4,unknown,archive/historical_desktop_gnn_pcna_202605_phase2_phase4/data/labels/label_manifest.json,True,False,historical/incompatible or absent,train-3,,,False,True,False,False,False,False,historical_only_unverified,historical_pointer_only,,28,,False,no frozen-checkpoint prediction scores available in active canonical calibration artifacts
4HON,unknown,archive/historical_desktop_gnn_pcna_202605_phase2_phase4/data/labels/label_manifest.json,True,False,historical/incompatible or absent,train-2,,,False,True,False,False,False,False,historical_only_unverified,historical_pointer_only,,23,,False,no frozen-checkpoint prediction scores available in active canonical calibration artifacts
4HR7,unknown,archive/historical_desktop_gnn_pcna_202605_phase2_phase4/data/labels/label_manifest.json,True,False,historical/incompatible or absent,train-3,,,False,True,False,False,False,False,historical_only_unverified,historical_pointer_only,,17,,False,no frozen-checkpoint prediction scores available in active canonical calibration artifacts
4HYE,unknown,archive/historical_desktop_gnn_pcna_202605_phase2_phase4/data/labels/label_manifest.json,True,False,historical/incompatible or absent,test,,,False,False,False,True,False,False,historical_only_unverified,historical_pointer_only,,4,,False,no frozen-checkpoint prediction scores available in active canonical calibration artifacts
4HZR,unknown,archive/historical_desktop_gnn_pcna_202605_phase2_phase4/data/labels/label_manifest.json,True,False,historical/incompatible or absent,train-1,,,False,True,False,False,False,False,historical_only_unverified,historical_pointer_only,,26,,False,no frozen-checkpoint prediction scores available in active canonical calibration artifacts
4I36,unknown,archive/historical_desktop_gnn_pcna_202605_phase2_phase4/data/labels/label_manifest.json,True,False,historical/incompatible or absent,train-3,,,False,True,False,False,False,False,historical_only_unverified,historical_pointer_only,,10,,False,no frozen-checkpoint prediction scores available in active canonical calibration artifacts
4I8Y,unknown,archive/historical_desktop_gnn_pcna_202605_phase2_phase4/data/labels/label_manifest.json,True,False,historical/incompatible or absent,train-0,,,False,True,False,False,False,False,historical_only_unverified,historical_pointer_only,,5,,False,no frozen-checkpoint prediction scores available in active canonical calibration artifacts
4IAN,unknown,archive/historical_desktop_gnn_pcna_202605_phase2_phase4/data/labels/label_manifest.json,True,False,historical/incompatible or absent,train-2,,,False,True,False,False,False,False,historical_only_unverified,historical_pointer_only,,27,,False,no frozen-checkpoint prediction scores available in active canonical calibration artifacts
4IKV,unknown,archive/historical_desktop_gnn_pcna_202605_phase2_phase4/data/labels/label_manifest.json,True,False,historical/incompatible or absent,test,,,False,False,False,True,False,False,historical_only_unverified,historical_pointer_only,,10,,False,no frozen-checkpoint prediction scores available in active canonical calibration artifacts
4ILG,unknown,archive/historical_desktop_gnn_pcna_202605_phase2_phase4/data/labels/label_manifest.json,True,False,historical/incompatible or absent,test,,,False,False,False,True,False,False,historical_only_unverified,historical_pointer_only,,42,,False,no frozen-checkpoint prediction scores available in active canonical calibration artifacts
4IWS,unknown,archive/historical_desktop_gnn_pcna_202605_phase2_phase4/data/labels/label_manifest.json,True,False,historical/incompatible or absent,train-2,,,False,True,False,False,False,False,historical_only_unverified,historical_pointer_only,,32,,False,no frozen-checkpoint prediction scores available in active canonical calibration artifacts
4J2P,unknown,archive/historical_desktop_gnn_pcna_202605_phase2_phase4/data/labels/label_manifest.json,True,False,historical/incompatible or absent,train-1,,,False,True,False,False,False,False,historical_only_unverified,historical_pointer_only,,12,,False,no frozen-checkpoint prediction scores available in active canonical calibration artifacts
4J4E,unknown,archive/historical_desktop_gnn_pcna_202605_phase2_phase4/data/labels/label_manifest.json,True,False,historical/incompatible or absent,test,,,False,False,False,True,False,False,historical_only_unverified,historical_pointer_only,,10,,False,no frozen-checkpoint prediction scores available in active canonical calibration artifacts
4JAX,unknown,archive/historical_desktop_gnn_pcna_202605_phase2_phase4/data/labels/label_manifest.json,True,False,historical/incompatible or absent,test,,,False,False,False,True,False,False,historical_only_unverified,historical_pointer_only,,15,,False,no frozen-checkpoint prediction scores available in active canonical calibration artifacts
4JF0,unknown,archive/historical_desktop_gnn_pcna_202605_phase2_phase4/data/labels/label_manifest.json,True,False,historical/incompatible or absent,train-0,,,False,True,False,False,False,False,historical_only_unverified,historical_pointer_only,,0,,False,no frozen-checkpoint prediction scores available in active canonical calibration artifacts
4JFR,unknown,archive/historical_desktop_gnn_pcna_202605_phase2_phase4/data/labels/label_manifest.json,True,False,historical/incompatible or absent,test,,,False,False,False,True,False,False,historical_only_unverified,historical_pointer_only,,14,,False,no frozen-checkpoint prediction scores available in active canonical calibration artifacts
4JMI,unknown,archive/historical_desktop_gnn_pcna_202605_phase2_phase4/data/labels/label_manifest.json,True,False,historical/incompatible or absent,train-3,,,False,True,False,False,False,False,historical_only_unverified,historical_pointer_only,,11,,False,no frozen-checkpoint prediction scores available in active canonical calibration artifacts
4JYC,unknown,archive/historical_desktop_gnn_pcna_202605_phase2_phase4/data/labels/label_manifest.json,True,False,historical/incompatible or absent,train-0,,,False,True,False,False,False,False,historical_only_unverified,historical_pointer_only,,21,,False,no frozen-checkpoint prediction scores available in active canonical calibration artifacts
4K6G,unknown,archive/historical_desktop_gnn_pcna_202605_phase2_phase4/data/labels/label_manifest.json,True,False,historical/incompatible or absent,train-0,,,False,True,False,False,False,False,historical_only_unverified,historical_pointer_only,,0,,False,no frozen-checkpoint prediction scores available in active canonical calibration artifacts
4K76,unknown,archive/historical_desktop_gnn_pcna_202605_phase2_phase4/data/labels/label_manifest.json,True,False,historical/incompatible or absent,train-2,,,False,True,False,False,False,False,historical_only_unverified,historical_pointer_only,,5,,False,no frozen-checkpoint prediction scores available in active canonical calibration artifacts
4K86,unknown,archive/historical_desktop_gnn_pcna_202605_phase2_phase4/data/labels/label_manifest.json,True,False,historical/incompatible or absent,train-0,,,False,True,False,False,False,False,historical_only_unverified,historical_pointer_only,,39,,False,no frozen-checkpoint prediction scores available in active canonical calibration artifacts
4KC0,unknown,archive/historical_desktop_gnn_pcna_202605_phase2_phase4/data/labels/label_manifest.json,True,False,historical/incompatible or absent,train-3,,,False,True,False,False,False,False,historical_only_unverified,historical_pointer_only,,0,,False,no frozen-checkpoint prediction scores available in active canonical calibration artifacts
4KLX,unknown,archive/historical_desktop_gnn_pcna_202605_phase2_phase4/data/labels/label_manifest.json,True,False,historical/incompatible or absent,train-1,,,False,True,False,False,False,False,historical_only_unverified,historical_pointer_only,,22,,False,no frozen-checkpoint prediction scores available in active canonical calibration artifacts
4KMY,unknown,archive/historical_desktop_gnn_pcna_202605_phase2_phase4/data/labels/label_manifest.json,True,False,historical/incompatible or absent,test,,,False,False,False,True,False,False,historical_only_unverified,historical_pointer_only,,20,,False,no frozen-checkpoint prediction scores available in active canonical calibration artifacts
4KU8,unknown,archive/historical_desktop_gnn_pcna_202605_phase2_phase4/data/labels/label_manifest.json,True,False,historical/incompatible or absent,train-2,,,False,True,False,False,False,False,historical_only_unverified,historical_pointer_only,,21,,False,no frozen-checkpoint prediction scores available in active canonical calibration artifacts
4L6W,unknown,archive/historical_desktop_gnn_pcna_202605_phase2_phase4/data/labels/label_manifest.json,True,False,historical/incompatible or absent,train-2,,,False,True,False,False,False,False,historical_only_unverified,historical_pointer_only,,0,,False,no frozen-checkpoint prediction scores available in active canonical calibration artifacts
4L7K,unknown,archive/historical_desktop_gnn_pcna_202605_phase2_phase4/data/labels/label_manifest.json,True,False,historical/incompatible or absent,train-2,,,False,True,False,False,False,False,historical_only_unverified,historical_pointer_only,,21,,False,no frozen-checkpoint prediction scores available in active canonical calibration artifacts
4LA5,unknown,archive/historical_desktop_gnn_pcna_202605_phase2_phase4/data/labels/label_manifest.json,True,False,historical/incompatible or absent,train-3,,,False,True,False,False,False,False,historical_only_unverified,historical_pointer_only,,20,,False,no frozen-checkpoint prediction scores available in active canonical calibration artifacts
4LG4,unknown,archive/historical_desktop_gnn_pcna_202605_phase2_phase4/data/labels/label_manifest.json,True,False,historical/incompatible or absent,train-1,,,False,True,False,False,False,False,historical_only_unverified,historical_pointer_only,,21,,False,no frozen-checkpoint prediction scores available in active canonical calibration artifacts
4LJP,unknown,archive/historical_desktop_gnn_pcna_202605_phase2_phase4/data/labels/label_manifest.json,True,False,historical/incompatible or absent,train-0,,,False,True,False,False,False,False,historical_only_unverified,historical_pointer_only,,10,,False,no frozen-checkpoint prediction scores available in active canonical calibration artifacts
4M23,unknown,archive/historical_desktop_gnn_pcna_202605_phase2_phase4/data/labels/label_manifest.json,True,False,historical/incompatible or absent,train-0,,,False,True,False,False,False,False,historical_only_unverified,historical_pointer_only,,13,,False,no frozen-checkpoint prediction scores available in active canonical calibration artifacts
4M66,unknown,archive/historical_desktop_gnn_pcna_202605_phase2_phase4/data/labels/label_manifest.json,True,False,historical/incompatible or absent,train-0,,,False,True,False,False,False,False,historical_only_unverified,historical_pointer_only,,26,,False,no frozen-checkpoint prediction scores available in active canonical calibration artifacts
4M7P,unknown,archive/historical_desktop_gnn_pcna_202605_phase2_phase4/data/labels/label_manifest.json,True,False,historical/incompatible or absent,train-2,,,False,True,False,False,False,False,historical_only_unverified,historical_pointer_only,,29,,False,no frozen-checkpoint prediction scores available in active canonical calibration artifacts
4MOW,unknown,archive/historical_desktop_gnn_pcna_202605_phase2_phase4/data/labels/label_manifest.json,True,False,historical/incompatible or absent,train-3,,,False,True,False,False,False,False,historical_only_unverified,historical_pointer_only,,35,,False,no frozen-checkpoint prediction scores available in active canonical calibration artifacts
4MQE,unknown,archive/historical_desktop_gnn_pcna_202605_phase2_phase4/data/labels/label_manifest.json,True,False,historical/incompatible or absent,train-3,,,False,True,False,False,False,False,historical_only_unverified,historical_pointer_only,,16,,False,no frozen-checkpoint prediction scores available in active canonical calibration artifacts
4MQJ,unknown,archive/historical_desktop_gnn_pcna_202605_phase2_phase4/data/labels/label_manifest.json,True,False,historical/incompatible or absent,train-0,,,False,True,False,False,False,False,historical_only_unverified,historical_pointer_only,,0,,False,no frozen-checkpoint prediction scores available in active canonical calibration artifacts
4MWI,unknown,archive/historical_desktop_gnn_pcna_202605_phase2_phase4/data/labels/label_manifest.json,True,False,historical/incompatible or absent,test,,,False,False,False,True,False,False,historical_only_unverified,historical_pointer_only,,29,,False,no frozen-checkpoint prediction scores available in active canonical calibration artifacts
4MZI,unknown,archive/historical_desktop_gnn_pcna_202605_phase2_phase4/data/labels/label_manifest.json,True,False,historical/incompatible or absent,train-2,,,False,True,False,False,False,False,historical_only_unverified,historical_pointer_only,,24,,False,no frozen-checkpoint prediction scores available in active canonical calibration artifacts
4N4A,unknown,archive/historical_desktop_gnn_pcna_202605_phase2_phase4/data/labels/label_manifest.json,True,False,historical/incompatible or absent,train-1,,,False,True,False,False,False,False,historical_only_unverified,historical_pointer_only,,37,,False,no frozen-checkpoint prediction scores available in active canonical calibration artifacts
4N5G,unknown,archive/historical_desktop_gnn_pcna_202605_phase2_phase4/data/labels/label_manifest.json,True,False,historical/incompatible or absent,train-1,,,False,True,False,False,False,False,historical_only_unverified,historical_pointer_only,,33,,False,no frozen-checkpoint prediction scores available in active canonical calibration artifacts
4N8J,unknown,archive/historical_desktop_gnn_pcna_202605_phase2_phase4/data/labels/label_manifest.json,True,False,historical/incompatible or absent,train-3,,,False,True,False,False,False,False,historical_only_unverified,historical_pointer_only,,38,,False,no frozen-checkpoint prediction scores available in active canonical calibration artifacts
4NAI,unknown,archive/historical_desktop_gnn_pcna_202605_phase2_phase4/data/labels/label_manifest.json,True,False,historical/incompatible or absent,train-2,,,False,True,False,False,False,False,historical_only_unverified,historical_pointer_only,,19,,False,no frozen-checkpoint prediction scores available in active canonical calibration artifacts
4NB3,unknown,archive/historical_desktop_gnn_pcna_202605_phase2_phase4/data/labels/label_manifest.json,True,False,historical/incompatible or absent,train-3,,,False,True,False,False,False,False,historical_only_unverified,historical_pointer_only,,14,,False,no frozen-checkpoint prediction scores available in active canonical calibration artifacts
4NFC,unknown,archive/historical_desktop_gnn_pcna_202605_phase2_phase4/data/labels/label_manifest.json,True,False,historical/incompatible or absent,train-1,,,False,True,False,False,False,False,historical_only_unverified,historical_pointer_only,,9,,False,no frozen-checkpoint prediction scores available in active canonical calibration artifacts
4NI8,unknown,archive/historical_desktop_gnn_pcna_202605_phase2_phase4/data/labels/label_manifest.json,True,False,historical/incompatible or absent,train-0,,,False,True,False,False,False,False,historical_only_unverified,historical_pointer_only,,4,,False,no frozen-checkpoint prediction scores available in active canonical calibration artifacts
4NOG,unknown,archive/historical_desktop_gnn_pcna_202605_phase2_phase4/data/labels/label_manifest.json,True,False,historical/incompatible or absent,train-0,,,False,True,False,False,False,False,historical_only_unverified,historical_pointer_only,,4,,False,no frozen-checkpoint prediction scores available in active canonical calibration artifacts
4NQT,unknown,archive/historical_desktop_gnn_pcna_202605_phase2_phase4/data/labels/label_manifest.json,True,False,historical/incompatible or absent,train-3,,,False,True,False,False,False,False,historical_only_unverified,historical_pointer_only,,3,,False,no frozen-checkpoint prediction scores available in active canonical calibration artifacts
4NQV,unknown,archive/historical_desktop_gnn_pcna_202605_phase2_phase4/data/labels/label_manifest.json,True,False,historical/incompatible or absent,train-2,,,False,True,False,False,False,False,historical_only_unverified,historical_pointer_only,,5,,False,no frozen-checkpoint prediction scores available in active canonical calibration artifacts
4NZV,unknown,archive/historical_desktop_gnn_pcna_202605_phase2_phase4/data/labels/label_manifest.json,True,False,historical/incompatible or absent,test,,,False,False,False,True,False,False,historical_only_unverified,historical_pointer_only,,18,,False,no frozen-checkpoint prediction scores available in active canonical calibration artifacts
4O7D,unknown,archive/historical_desktop_gnn_pcna_202605_phase2_phase4/data/labels/label_manifest.json,True,False,historical/incompatible or absent,train-2,,,False,True,False,False,False,False,historical_only_unverified,historical_pointer_only,,9,,False,no frozen-checkpoint prediction scores available in active canonical calibration artifacts
4OK2,unknown,archive/historical_desktop_gnn_pcna_202605_phase2_phase4/data/labels/label_manifest.json,True,False,historical/incompatible or absent,train-0,,,False,True,False,False,False,False,historical_only_unverified,historical_pointer_only,,14,,False,no frozen-checkpoint prediction scores available in active canonical calibration artifacts
4OMG,unknown,archive/historical_desktop_gnn_pcna_202605_phase2_phase4/data/labels/label_manifest.json,True,False,historical/incompatible or absent,train-1,,,False,True,False,False,False,False,historical_only_unverified,historical_pointer_only,,25,,False,no frozen-checkpoint prediction scores available in active canonical calibration artifacts
4OQO,unknown,archive/historical_desktop_gnn_pcna_202605_phase2_phase4/data/labels/label_manifest.json,True,False,historical/incompatible or absent,test,,,False,False,False,True,False,False,historical_only_unverified,historical_pointer_only,,19,,False,no frozen-checkpoint prediction scores available in active canonical calibration artifacts
4OS8,unknown,archive/historical_desktop_gnn_pcna_202605_phase2_phase4/data/labels/label_manifest.json,True,False,historical/incompatible or absent,train-1,,,False,True,False,False,False,False,historical_only_unverified,historical_pointer_only,,18,,False,no frozen-checkpoint prediction scores available in active canonical calibration artifacts
4OYZ,unknown,archive/historical_desktop_gnn_pcna_202605_phase2_phase4/data/labels/label_manifest.json,True,False,historical/incompatible or absent,train-2,,,False,True,False,False,False,False,historical_only_unverified,historical_pointer_only,,35,,False,no frozen-checkpoint prediction scores available in active canonical calibration artifacts
4P2F,unknown,archive/historical_desktop_gnn_pcna_202605_phase2_phase4/data/labels/label_manifest.json,True,False,historical/incompatible or absent,test,,,False,False,False,True,False,False,historical_only_unverified,historical_pointer_only,,10,,False,no frozen-checkpoint prediction scores available in active canonical calibration artifacts
4P32,unknown,archive/historical_desktop_gnn_pcna_202605_phase2_phase4/data/labels/label_manifest.json,True,False,historical/incompatible or absent,test,,,False,False,False,True,False,False,historical_only_unverified,historical_pointer_only,,0,,False,no frozen-checkpoint prediction scores available in active canonical calibration artifacts
4PFS,unknown,archive/historical_desktop_gnn_pcna_202605_phase2_phase4/data/labels/label_manifest.json,True,False,historical/incompatible or absent,train-1,,,False,True,False,False,False,False,historical_only_unverified,historical_pointer_only,,15,,False,no frozen-checkpoint prediction scores available in active canonical calibration artifacts
4PNT,unknown,archive/historical_desktop_gnn_pcna_202605_phase2_phase4/data/labels/label_manifest.json,True,False,historical/incompatible or absent,train-1,,,False,True,False,False,False,False,historical_only_unverified,historical_pointer_only,,32,,False,no frozen-checkpoint prediction scores available in active canonical calibration artifacts
4PU0,unknown,archive/historical_desktop_gnn_pcna_202605_phase2_phase4/data/labels/label_manifest.json,True,False,historical/incompatible or absent,train-2,,,False,True,False,False,False,False,historical_only_unverified,historical_pointer_only,,7,,False,no frozen-checkpoint prediction scores available in active canonical calibration artifacts
4PUN,unknown,archive/historical_desktop_gnn_pcna_202605_phase2_phase4/data/labels/label_manifest.json,True,False,historical/incompatible or absent,train-0,,,False,True,False,False,False,False,historical_only_unverified,historical_pointer_only,,29,,False,no frozen-checkpoint prediction scores available in active canonical calibration artifacts
4PVR,unknown,archive/historical_desktop_gnn_pcna_202605_phase2_phase4/data/labels/label_manifest.json,True,False,historical/incompatible or absent,train-3,,,False,True,False,False,False,False,historical_only_unverified,historical_pointer_only,,10,,False,no frozen-checkpoint prediction scores available in active canonical calibration artifacts
4PWN,unknown,archive/historical_desktop_gnn_pcna_202605_phase2_phase4/data/labels/label_manifest.json,True,False,historical/incompatible or absent,train-2,,,False,True,False,False,False,False,historical_only_unverified,historical_pointer_only,,22,,False,no frozen-checkpoint prediction scores available in active canonical calibration artifacts
4QAS,unknown,archive/historical_desktop_gnn_pcna_202605_phase2_phase4/data/labels/label_manifest.json,True,False,historical/incompatible or absent,train-0,,,False,True,False,False,False,False,historical_only_unverified,historical_pointer_only,,22,,False,no frozen-checkpoint prediction scores available in active canonical calibration artifacts
4QC1,unknown,archive/historical_desktop_gnn_pcna_202605_phase2_phase4/data/labels/label_manifest.json,True,False,historical/incompatible or absent,train-1,,,False,True,False,False,False,False,historical_only_unverified,historical_pointer_only,,3,,False,no frozen-checkpoint prediction scores available in active canonical calibration artifacts
4QFK,unknown,archive/historical_desktop_gnn_pcna_202605_phase2_phase4/data/labels/label_manifest.json,True,False,historical/incompatible or absent,train-1,,,False,True,False,False,False,False,historical_only_unverified,historical_pointer_only,,11,,False,no frozen-checkpoint prediction scores available in active canonical calibration artifacts
4QVK,unknown,archive/historical_desktop_gnn_pcna_202605_phase2_phase4/data/labels/label_manifest.json,True,False,historical/incompatible or absent,test,,,False,False,False,True,False,False,historical_only_unverified,historical_pointer_only,,25,,False,no frozen-checkpoint prediction scores available in active canonical calibration artifacts
4R0X,unknown,archive/historical_desktop_gnn_pcna_202605_phase2_phase4/data/labels/label_manifest.json,True,False,historical/incompatible or absent,test,,,False,False,False,True,False,False,historical_only_unverified,historical_pointer_only,,29,,False,no frozen-checkpoint prediction scores available in active canonical calibration artifacts
4R1M,unknown,archive/historical_desktop_gnn_pcna_202605_phase2_phase4/data/labels/label_manifest.json,True,False,historical/incompatible or absent,train-1,,,False,True,False,False,False,False,historical_only_unverified,historical_pointer_only,,22,,False,no frozen-checkpoint prediction scores available in active canonical calibration artifacts
4R40,unknown,archive/historical_desktop_gnn_pcna_202605_phase2_phase4/data/labels/label_manifest.json,True,False,historical/incompatible or absent,train-0,,,False,True,False,False,False,False,historical_only_unverified,historical_pointer_only,,7,,False,no frozen-checkpoint prediction scores available in active canonical calibration artifacts
4R7T,unknown,archive/historical_desktop_gnn_pcna_202605_phase2_phase4/data/labels/label_manifest.json,True,False,historical/incompatible or absent,train-1,,,False,True,False,False,False,False,historical_only_unverified,historical_pointer_only,,19,,False,no frozen-checkpoint prediction scores available in active canonical calibration artifacts
4RF5,unknown,archive/historical_desktop_gnn_pcna_202605_phase2_phase4/data/labels/label_manifest.json,True,False,historical/incompatible or absent,train-3,,,False,True,False,False,False,False,historical_only_unverified,historical_pointer_only,,7,,False,no frozen-checkpoint prediction scores available in active canonical calibration artifacts
4RIE,unknown,archive/historical_desktop_gnn_pcna_202605_phase2_phase4/data/labels/label_manifest.json,True,False,historical/incompatible or absent,train-1,,,False,True,False,False,False,False,historical_only_unverified,historical_pointer_only,,21,,False,no frozen-checkpoint prediction scores available in active canonical calibration artifacts
4RJF,unknown,results/per_structure/summary_table.csv,False,False,absent,,,,True,False,False,False,True,True,none,historical_pointer_only,,,,False,PCNA/PCNA-family structure; forbidden for independent extraction selection
4RJZ,unknown,archive/historical_desktop_gnn_pcna_202605_phase2_phase4/data/labels/label_manifest.json,True,False,historical/incompatible or absent,train-0,,,False,True,False,False,False,False,historical_only_unverified,historical_pointer_only,,17,,False,no frozen-checkpoint prediction scores available in active canonical calibration artifacts
4RKS,unknown,archive/historical_desktop_gnn_pcna_202605_phase2_phase4/data/labels/label_manifest.json,True,False,historical/incompatible or absent,train-3,,,False,True,False,False,False,False,historical_only_unverified,historical_pointer_only,,15,,False,no frozen-checkpoint prediction scores available in active canonical calibration artifacts
4RPI,unknown,archive/historical_desktop_gnn_pcna_202605_phase2_phase4/data/labels/label_manifest.json,True,False,historical/incompatible or absent,train-2,,,False,True,False,False,False,False,historical_only_unverified,historical_pointer_only,,14,,False,no frozen-checkpoint prediction scores available in active canonical calibration artifacts
4RVS,unknown,archive/historical_desktop_gnn_pcna_202605_phase2_phase4/data/labels/label_manifest.json,True,False,historical/incompatible or absent,train-3,,,False,True,False,False,False,False,historical_only_unverified,historical_pointer_only,,35,,False,no frozen-checkpoint prediction scores available in active canonical calibration artifacts
4RVT,unknown,archive/historical_desktop_gnn_pcna_202605_phase2_phase4/data/labels/label_manifest.json,True,False,historical/incompatible or absent,test,,,False,False,False,True,False,False,historical_only_unverified,historical_pointer_only,,31,,False,no frozen-checkpoint prediction scores available in active canonical calibration artifacts
4TQR,unknown,archive/historical_desktop_gnn_pcna_202605_phase2_phase4/data/labels/label_manifest.json,True,False,historical/incompatible or absent,train-2,,,False,True,False,False,False,False,historical_only_unverified,historical_pointer_only,,6,,False,no frozen-checkpoint prediction scores available in active canonical calibration artifacts
4TRM,unknown,archive/historical_desktop_gnn_pcna_202605_phase2_phase4/data/labels/label_manifest.json,True,False,historical/incompatible or absent,train-0,,,False,True,False,False,False,False,historical_only_unverified,historical_pointer_only,,26,,False,no frozen-checkpoint prediction scores available in active canonical calibration artifacts
4TSN,unknown,archive/historical_desktop_gnn_pcna_202605_phase2_phase4/data/labels/label_manifest.json,True,False,historical/incompatible or absent,train-3,,,False,True,False,False,False,False,historical_only_unverified,historical_pointer_only,,3,,False,no frozen-checkpoint prediction scores available in active canonical calibration artifacts
4TTP,unknown,archive/historical_desktop_gnn_pcna_202605_phase2_phase4/data/labels/label_manifest.json,True,False,historical/incompatible or absent,test,,,False,False,False,True,False,False,historical_only_unverified,historical_pointer_only,,16,,False,no frozen-checkpoint prediction scores available in active canonical calibration artifacts
4TWI,unknown,archive/historical_desktop_gnn_pcna_202605_phase2_phase4/data/labels/label_manifest.json,True,False,historical/incompatible or absent,train-2,,,False,True,False,False,False,False,historical_only_unverified,historical_pointer_only,,25,,False,no frozen-checkpoint prediction scores available in active canonical calibration artifacts
4TYV,unknown,archive/historical_desktop_gnn_pcna_202605_phase2_phase4/data/labels/label_manifest.json,True,False,historical/incompatible or absent,train-2,,,False,True,False,False,False,False,historical_only_unverified,historical_pointer_only,,10,,False,no frozen-checkpoint prediction scores available in active canonical calibration artifacts
4U0M,unknown,archive/historical_desktop_gnn_pcna_202605_phase2_phase4/data/labels/label_manifest.json,True,False,historical/incompatible or absent,train-3,,,False,True,False,False,False,False,historical_only_unverified,historical_pointer_only,,17,,False,no frozen-checkpoint prediction scores available in active canonical calibration artifacts
4UC8,unknown,archive/historical_desktop_gnn_pcna_202605_phase2_phase4/data/labels/label_manifest.json,True,False,historical/incompatible or absent,test,,,False,False,False,True,False,False,historical_only_unverified,historical_pointer_only,,3,,False,no frozen-checkpoint prediction scores available in active canonical calibration artifacts
4UD4,unknown,archive/historical_desktop_gnn_pcna_202605_phase2_phase4/data/labels/label_manifest.json,True,False,historical/incompatible or absent,train-1,,,False,True,False,False,False,False,historical_only_unverified,historical_pointer_only,,21,,False,no frozen-checkpoint prediction scores available in active canonical calibration artifacts
4UUM,unknown,archive/historical_desktop_gnn_pcna_202605_phase2_phase4/data/labels/label_manifest.json,True,False,historical/incompatible or absent,test,,,False,False,False,True,False,False,historical_only_unverified,historical_pointer_only,,34,,False,no frozen-checkpoint prediction scores available in active canonical calibration artifacts
4WBH,unknown,archive/historical_desktop_gnn_pcna_202605_phase2_phase4/data/labels/label_manifest.json,True,False,historical/incompatible or absent,train-1,,,False,True,False,False,False,False,historical_only_unverified,historical_pointer_only,,17,,False,no frozen-checkpoint prediction scores available in active canonical calibration artifacts
4WJX,unknown,archive/historical_desktop_gnn_pcna_202605_phase2_phase4/data/labels/label_manifest.json,True,False,historical/incompatible or absent,train-3,,,False,True,False,False,False,False,historical_only_unverified,historical_pointer_only,,19,,False,no frozen-checkpoint prediction scores available in active canonical calibration artifacts
4X19,unknown,archive/historical_desktop_gnn_pcna_202605_phase2_phase4/data/labels/label_manifest.json,True,False,historical/incompatible or absent,test,,,False,False,False,True,False,False,historical_only_unverified,historical_pointer_only,,0,,False,no frozen-checkpoint prediction scores available in active canonical calibration artifacts
4X1O,unknown,archive/historical_desktop_gnn_pcna_202605_phase2_phase4/data/labels/label_manifest.json,True,False,historical/incompatible or absent,train-1,,,False,True,False,False,False,False,historical_only_unverified,historical_pointer_only,,24,,False,no frozen-checkpoint prediction scores available in active canonical calibration artifacts
4XBX,unknown,archive/historical_desktop_gnn_pcna_202605_phase2_phase4/data/labels/label_manifest.json,True,False,historical/incompatible or absent,train-1,,,False,True,False,False,False,False,historical_only_unverified,historical_pointer_only,,12,,False,no frozen-checkpoint prediction scores available in active canonical calibration artifacts
4XC4,unknown,archive/historical_desktop_gnn_pcna_202605_phase2_phase4/data/labels/label_manifest.json,True,False,historical/incompatible or absent,train-1,,,False,True,False,False,False,False,historical_only_unverified,historical_pointer_only,,0,,False,no frozen-checkpoint prediction scores available in active canonical calibration artifacts
4XG2,unknown,archive/historical_desktop_gnn_pcna_202605_phase2_phase4/data/labels/label_manifest.json,True,False,historical/incompatible or absent,train-0,,,False,True,False,False,False,False,historical_only_unverified,historical_pointer_only,,34,,False,no frozen-checkpoint prediction scores available in active canonical calibration artifacts
4XMQ,unknown,archive/historical_desktop_gnn_pcna_202605_phase2_phase4/data/labels/label_manifest.json,True,False,historical/incompatible or absent,train-3,,,False,True,False,False,False,False,historical_only_unverified,historical_pointer_only,,17,,False,no frozen-checkpoint prediction scores available in active canonical calibration artifacts
4XRG,unknown,archive/historical_desktop_gnn_pcna_202605_phase2_phase4/data/labels/label_manifest.json,True,False,historical/incompatible or absent,train-0,,,False,True,False,False,False,False,historical_only_unverified,historical_pointer_only,,10,,False,no frozen-checkpoint prediction scores available in active canonical calibration artifacts
4XV1,unknown,archive/historical_desktop_gnn_pcna_202605_phase2_phase4/data/labels/label_manifest.json,True,False,historical/incompatible or absent,train-1,,,False,True,False,False,False,False,historical_only_unverified,historical_pointer_only,,30,,False,no frozen-checkpoint prediction scores available in active canonical calibration artifacts
4XZP,unknown,archive/historical_desktop_gnn_pcna_202605_phase2_phase4/data/labels/label_manifest.json,True,False,historical/incompatible or absent,train-1,,,False,True,False,False,False,False,historical_only_unverified,historical_pointer_only,,9,,False,no frozen-checkpoint prediction scores available in active canonical calibration artifacts
4YAJ,unknown,archive/historical_desktop_gnn_pcna_202605_phase2_phase4/data/labels/label_manifest.json,True,False,historical/incompatible or absent,train-2,,,False,True,False,False,False,False,historical_only_unverified,historical_pointer_only,,0,,False,no frozen-checkpoint prediction scores available in active canonical calibration artifacts
4YB7,unknown,archive/historical_desktop_gnn_pcna_202605_phase2_phase4/data/labels/label_manifest.json,True,False,historical/incompatible or absent,train-2,,,False,True,False,False,False,False,historical_only_unverified,historical_pointer_only,,0,,False,no frozen-checkpoint prediction scores available in active canonical calibration artifacts
4YBO,unknown,archive/historical_desktop_gnn_pcna_202605_phase2_phase4/data/labels/label_manifest.json,True,False,historical/incompatible or absent,train-2,,,False,True,False,False,False,False,historical_only_unverified,historical_pointer_only,,0,,False,no frozen-checkpoint prediction scores available in active canonical calibration artifacts
4YDR,unknown,archive/historical_desktop_gnn_pcna_202605_phase2_phase4/data/labels/label_manifest.json,True,False,historical/incompatible or absent,train-1,,,False,True,False,False,False,False,historical_only_unverified,historical_pointer_only,,38,,False,no frozen-checkpoint prediction scores available in active canonical calibration artifacts
4YEG,unknown,archive/historical_desktop_gnn_pcna_202605_phase2_phase4/data/labels/label_manifest.json,True,False,historical/incompatible or absent,train-2,,,False,True,False,False,False,False,historical_only_unverified,historical_pointer_only,,20,,False,no frozen-checkpoint prediction scores available in active canonical calibration artifacts
4YT8,unknown,archive/historical_desktop_gnn_pcna_202605_phase2_phase4/data/labels/label_manifest.json,True,False,historical/incompatible or absent,train-0,,,False,True,False,False,False,False,historical_only_unverified,historical_pointer_only,,0,,False,no frozen-checkpoint prediction scores available in active canonical calibration artifacts
4YYN,unknown,archive/historical_desktop_gnn_pcna_202605_phase2_phase4/data/labels/label_manifest.json,True,False,historical/incompatible or absent,train-1,,,False,True,False,False,False,False,historical_only_unverified,historical_pointer_only,,18,,False,no frozen-checkpoint prediction scores available in active canonical calibration artifacts
4Z0Y,unknown,archive/historical_desktop_gnn_pcna_202605_phase2_phase4/data/labels/label_manifest.json,True,False,historical/incompatible or absent,test,,,False,False,False,True,False,False,historical_only_unverified,historical_pointer_only,,0,,False,no frozen-checkpoint prediction scores available in active canonical calibration artifacts
4Z49,unknown,archive/historical_desktop_gnn_pcna_202605_phase2_phase4/data/labels/label_manifest.json,True,False,historical/incompatible or absent,train-1,,,False,True,False,False,False,False,historical_only_unverified,historical_pointer_only,,25,,False,no frozen-checkpoint prediction scores available in active canonical calibration artifacts
4Z4L,unknown,archive/historical_desktop_gnn_pcna_202605_phase2_phase4/data/labels/label_manifest.json,True,False,historical/incompatible or absent,train-0,,,False,True,False,False,False,False,historical_only_unverified,historical_pointer_only,,6,,False,no frozen-checkpoint prediction scores available in active canonical calibration artifacts
4Z7C,unknown,archive/historical_desktop_gnn_pcna_202605_phase2_phase4/data/labels/label_manifest.json,True,False,historical/incompatible or absent,train-3,,,False,True,False,False,False,False,historical_only_unverified,historical_pointer_only,,17,,False,no frozen-checkpoint prediction scores available in active canonical calibration artifacts
4ZCS,unknown,archive/historical_desktop_gnn_pcna_202605_phase2_phase4/data/labels/label_manifest.json,True,False,historical/incompatible or absent,train-1,,,False,True,False,False,False,False,historical_only_unverified,historical_pointer_only,,5,,False,no frozen-checkpoint prediction scores available in active canonical calibration artifacts
4ZKY,unknown,archive/historical_desktop_gnn_pcna_202605_phase2_phase4/data/labels/label_manifest.json,True,False,historical/incompatible or absent,train-2,,,False,True,False,False,False,False,historical_only_unverified,historical_pointer_only,,0,,False,no frozen-checkpoint prediction scores available in active canonical calibration artifacts
4ZM7,unknown,archive/historical_desktop_gnn_pcna_202605_phase2_phase4/data/labels/label_manifest.json,True,False,historical/incompatible or absent,test,,,False,False,False,True,False,False,historical_only_unverified,historical_pointer_only,,7,,False,no frozen-checkpoint prediction scores available in active canonical calibration artifacts
4ZOE,unknown,archive/historical_desktop_gnn_pcna_202605_phase2_phase4/data/labels/label_manifest.json,True,False,historical/incompatible or absent,test,,,False,False,False,True,False,False,historical_only_unverified,historical_pointer_only,,15,,False,no frozen-checkpoint prediction scores available in active canonical calibration artifacts
4ZTD,unknown,results/per_structure/summary_table.csv,False,False,absent,,,,True,False,False,False,True,True,none,historical_pointer_only,,,,False,PCNA/PCNA-family structure; forbidden for independent extraction selection
4ZXG,unknown,archive/historical_desktop_gnn_pcna_202605_phase2_phase4/data/labels/label_manifest.json,True,False,historical/incompatible or absent,train-3,,,False,True,False,False,False,False,historical_only_unverified,historical_pointer_only,,0,,False,no frozen-checkpoint prediction scores available in active canonical calibration artifacts
5A03,unknown,archive/historical_desktop_gnn_pcna_202605_phase2_phase4/data/labels/label_manifest.json,True,False,historical/incompatible or absent,train-2,,,False,True,False,False,False,False,historical_only_unverified,historical_pointer_only,,10,,False,no frozen-checkpoint prediction scores available in active canonical calibration artifacts
5A6D,unknown,data/raw_intake/rcsb_pdb/5A6D_metadata.json,False,False,absent,,,,False,False,False,False,False,False,none,structure_only,,,,False,no machine-readable residue/pocket labels
5ACV,unknown,archive/historical_desktop_gnn_pcna_202605_phase2_phase4/data/labels/label_manifest.json,True,False,historical/incompatible or absent,test,,,False,False,False,True,False,False,historical_only_unverified,historical_pointer_only,,4,,False,no frozen-checkpoint prediction scores available in active canonical calibration artifacts
5AE0,unknown,archive/historical_desktop_gnn_pcna_202605_phase2_phase4/data/labels/label_manifest.json,True,False,historical/incompatible or absent,train-2,,,False,True,False,False,False,False,historical_only_unverified,historical_pointer_only,,3,,False,no frozen-checkpoint prediction scores available in active canonical calibration artifacts
5AJO,unknown,archive/historical_desktop_gnn_pcna_202605_phase2_phase4/data/labels/label_manifest.json,True,False,historical/incompatible or absent,train-0,,,False,True,False,False,False,False,historical_only_unverified,historical_pointer_only,,8,,False,no frozen-checkpoint prediction scores available in active canonical calibration artifacts
5AON,unknown,archive/historical_desktop_gnn_pcna_202605_phase2_phase4/data/labels/label_manifest.json,True,False,historical/incompatible or absent,test,,,False,False,False,True,False,False,historical_only_unverified,historical_pointer_only,,0,,False,no frozen-checkpoint prediction scores available in active canonical calibration artifacts
5AR2,unknown,archive/historical_desktop_gnn_pcna_202605_phase2_phase4/data/labels/label_manifest.json,True,False,historical/incompatible or absent,train-0,,,False,True,False,False,False,False,historical_only_unverified,historical_pointer_only,,28,,False,no frozen-checkpoint prediction scores available in active canonical calibration artifacts
5AUJ,unknown,data/raw_intake/rcsb_pdb/5AUJ_metadata.json,False,False,absent,,,,False,False,False,False,False,False,none,structure_only,,,,False,no machine-readable residue/pocket labels
5AZQ,unknown,archive/historical_desktop_gnn_pcna_202605_phase2_phase4/data/labels/label_manifest.json,True,False,historical/incompatible or absent,train-0,,,False,True,False,False,False,False,historical_only_unverified,historical_pointer_only,,6,,False,no frozen-checkpoint prediction scores available in active canonical calibration artifacts
5B0E,unknown,archive/historical_desktop_gnn_pcna_202605_phase2_phase4/data/labels/label_manifest.json,True,False,historical/incompatible or absent,test,,,False,False,False,True,False,False,historical_only_unverified,historical_pointer_only,,21,,False,no frozen-checkpoint prediction scores available in active canonical calibration artifacts
5BCA,unknown,archive/historical_desktop_gnn_pcna_202605_phase2_phase4/data/labels/label_manifest.json,True,False,historical/incompatible or absent,train-0,,,False,True,False,False,False,False,historical_only_unverified,historical_pointer_only,,28,,False,no frozen-checkpoint prediction scores available in active canonical calibration artifacts
5BSI,unknown,archive/historical_desktop_gnn_pcna_202605_phase2_phase4/data/labels/label_manifest.json,True,False,historical/incompatible or absent,train-3,,,False,True,False,False,False,False,historical_only_unverified,historical_pointer_only,,0,,False,no frozen-checkpoint prediction scores available in active canonical calibration artifacts
5C74,unknown,archive/historical_desktop_gnn_pcna_202605_phase2_phase4/data/labels/label_manifest.json,True,False,historical/incompatible or absent,train-2,,,False,True,False,False,False,False,historical_only_unverified,historical_pointer_only,,24,,False,no frozen-checkpoint prediction scores available in active canonical calibration artifacts
5CAA,unknown,archive/historical_desktop_gnn_pcna_202605_phase2_phase4/data/labels/label_manifest.json,True,False,historical/incompatible or absent,train-1,,,False,True,False,False,False,False,historical_only_unverified,historical_pointer_only,,13,,False,no frozen-checkpoint prediction scores available in active canonical calibration artifacts
5CAE,unknown,archive/historical_desktop_gnn_pcna_202605_phase2_phase4/data/labels/label_manifest.json,True,False,historical/incompatible or absent,train-0,,,False,True,False,False,False,False,historical_only_unverified,historical_pointer_only,,19,,False,no frozen-checkpoint prediction scores available in active canonical calibration artifacts
5CAZ,unknown,archive/historical_desktop_gnn_pcna_202605_phase2_phase4/data/labels/label_manifest.json,True,False,historical/incompatible or absent,test,,,False,False,False,True,False,False,historical_only_unverified,historical_pointer_only,,3,,False,no frozen-checkpoint prediction scores available in active canonical calibration artifacts
5CFK,unknown,data/raw_intake/rcsb_pdb/5CFK.cif,False,False,absent,,,,False,False,False,False,False,False,none,structure_only,,,,False,no machine-readable residue/pocket labels
5CK1,unknown,archive/historical_desktop_gnn_pcna_202605_phase2_phase4/data/labels/label_manifest.json,True,False,historical/incompatible or absent,train-0,,,False,True,False,False,False,False,historical_only_unverified,historical_pointer_only,,7,,False,no frozen-checkpoint prediction scores available in active canonical calibration artifacts
5CSQ,unknown,archive/historical_desktop_gnn_pcna_202605_phase2_phase4/data/labels/label_manifest.json,True,False,historical/incompatible or absent,train-3,,,False,True,False,False,False,False,historical_only_unverified,historical_pointer_only,,6,,False,no frozen-checkpoint prediction scores available in active canonical calibration artifacts
5CT4,unknown,archive/historical_desktop_gnn_pcna_202605_phase2_phase4/data/labels/label_manifest.json,True,False,historical/incompatible or absent,train-1,,,False,True,False,False,False,False,historical_only_unverified,historical_pointer_only,,18,,False,no frozen-checkpoint prediction scores available in active canonical calibration artifacts
5CXG,unknown,archive/historical_desktop_gnn_pcna_202605_phase2_phase4/data/labels/label_manifest.json,True,False,historical/incompatible or absent,train-1,,,False,True,False,False,False,False,historical_only_unverified,historical_pointer_only,,22,,False,no frozen-checkpoint prediction scores available in active canonical calibration artifacts
5CXY,unknown,archive/historical_desktop_gnn_pcna_202605_phase2_phase4/data/labels/label_manifest.json,True,False,historical/incompatible or absent,train-1,,,False,True,False,False,False,False,historical_only_unverified,historical_pointer_only,,5,,False,no frozen-checkpoint prediction scores available in active canonical calibration artifacts
5D27,unknown,archive/historical_desktop_gnn_pcna_202605_phase2_phase4/data/labels/label_manifest.json,True,False,historical/incompatible or absent,train-1,,,False,True,False,False,False,False,historical_only_unverified,historical_pointer_only,,10,,False,no frozen-checkpoint prediction scores available in active canonical calibration artifacts
5D4O,unknown,archive/historical_desktop_gnn_pcna_202605_phase2_phase4/data/labels/label_manifest.json,True,False,historical/incompatible or absent,train-3,,,False,True,False,False,False,False,historical_only_unverified,historical_pointer_only,,0,,False,no frozen-checkpoint prediction scores available in active canonical calibration artifacts
5D5T,unknown,archive/historical_desktop_gnn_pcna_202605_phase2_phase4/data/labels/label_manifest.json,True,False,historical/incompatible or absent,train-3,,,False,True,False,False,False,False,historical_only_unverified,historical_pointer_only,,0,,False,no frozen-checkpoint prediction scores available in active canonical calibration artifacts
5DA7,unknown,data/raw_intake/rcsb_pdb/5DA7_poly_entity.json,False,False,absent,,,,False,False,False,False,False,False,none,structure_only,,,,False,no machine-readable residue/pocket labels
5DCW,unknown,archive/historical_desktop_gnn_pcna_202605_phase2_phase4/data/labels/label_manifest.json,True,False,historical/incompatible or absent,train-3,,,False,True,False,False,False,False,historical_only_unverified,historical_pointer_only,,41,,False,no frozen-checkpoint prediction scores available in active canonical calibration artifacts
5DDT,unknown,archive/historical_desktop_gnn_pcna_202605_phase2_phase4/data/labels/label_manifest.json,True,False,historical/incompatible or absent,train-3,,,False,True,False,False,False,False,historical_only_unverified,historical_pointer_only,,19,,False,no frozen-checkpoint prediction scores available in active canonical calibration artifacts
5DEM,unknown,archive/historical_desktop_gnn_pcna_202605_phase2_phase4/data/labels/label_manifest.json,True,False,historical/incompatible or absent,train-0,,,False,True,False,False,False,False,historical_only_unverified,historical_pointer_only,,0,,False,no frozen-checkpoint prediction scores available in active canonical calibration artifacts
5DOV,unknown,archive/historical_desktop_gnn_pcna_202605_phase2_phase4/data/labels/label_manifest.json,True,False,historical/incompatible or absent,train-1,,,False,True,False,False,False,False,historical_only_unverified,historical_pointer_only,,34,,False,no frozen-checkpoint prediction scores available in active canonical calibration artifacts
5DUO,unknown,archive/historical_desktop_gnn_pcna_202605_phase2_phase4/data/labels/label_manifest.json,True,False,historical/incompatible or absent,train-2,,,False,True,False,False,False,False,historical_only_unverified,historical_pointer_only,,24,,False,no frozen-checkpoint prediction scores available in active canonical calibration artifacts
5DV9,unknown,archive/historical_desktop_gnn_pcna_202605_phase2_phase4/data/labels/label_manifest.json,True,False,historical/incompatible or absent,train-3,,,False,True,False,False,False,False,historical_only_unverified,historical_pointer_only,,30,,False,no frozen-checkpoint prediction scores available in active canonical calibration artifacts
5DY9,unknown,archive/historical_desktop_gnn_pcna_202605_phase2_phase4/data/labels/label_manifest.json,True,False,historical/incompatible or absent,test,,,False,False,False,True,False,False,historical_only_unverified,historical_pointer_only,,0,,False,no frozen-checkpoint prediction scores available in active canonical calibration artifacts
5DZP,unknown,archive/historical_desktop_gnn_pcna_202605_phase2_phase4/data/labels/label_manifest.json,True,False,historical/incompatible or absent,train-1,,,False,True,False,False,False,False,historical_only_unverified,historical_pointer_only,,21,,False,no frozen-checkpoint prediction scores available in active canonical calibration artifacts
5E0T,unknown,results/per_structure/summary_table.csv,False,False,absent,,,,True,False,False,False,True,True,none,historical_pointer_only,,,,False,PCNA/PCNA-family structure; forbidden for independent extraction selection
5E0U,unknown,results/per_structure/summary_table.csv,False,False,absent,,,,True,False,False,False,True,True,none,historical_pointer_only,,,,False,PCNA/PCNA-family structure; forbidden for independent extraction selection
5E0V,unknown,results/per_structure/summary_table.csv,False,False,absent,,,,True,False,False,False,True,True,none,historical_pointer_only,,,,False,PCNA/PCNA-family structure; forbidden for independent extraction selection
5ED0,unknown,archive/historical_desktop_gnn_pcna_202605_phase2_phase4/data/labels/label_manifest.json,True,False,historical/incompatible or absent,train-3,,,False,True,False,False,False,False,historical_only_unverified,historical_pointer_only,,9,,False,no frozen-checkpoint prediction scores available in active canonical calibration artifacts
5ELL,unknown,archive/historical_desktop_gnn_pcna_202605_phase2_phase4/data/labels/label_manifest.json,True,False,historical/incompatible or absent,train-1,,,False,True,False,False,False,False,historical_only_unverified,historical_pointer_only,,18,,False,no frozen-checkpoint prediction scores available in active canonical calibration artifacts
5EO7,unknown,archive/historical_desktop_gnn_pcna_202605_phase2_phase4/data/labels/label_manifest.json,True,False,historical/incompatible or absent,train-0,,,False,True,False,False,False,False,historical_only_unverified,historical_pointer_only,,12,,False,no frozen-checkpoint prediction scores available in active canonical calibration artifacts
5EY7,unknown,archive/historical_desktop_gnn_pcna_202605_phase2_phase4/data/labels/label_manifest.json,True,False,historical/incompatible or absent,test,,,False,False,False,True,False,False,historical_only_unverified,historical_pointer_only,,26,,False,no frozen-checkpoint prediction scores available in active canonical calibration artifacts
5F12,unknown,archive/historical_desktop_gnn_pcna_202605_phase2_phase4/data/labels/label_manifest.json,True,False,historical/incompatible or absent,train-0,,,False,True,False,False,False,False,historical_only_unverified,historical_pointer_only,,8,,False,no frozen-checkpoint prediction scores available in active canonical calibration artifacts
5F2M,unknown,archive/historical_desktop_gnn_pcna_202605_phase2_phase4/data/labels/label_manifest.json,True,False,historical/incompatible or absent,train-0,,,False,True,False,False,False,False,historical_only_unverified,historical_pointer_only,,28,,False,no frozen-checkpoint prediction scores available in active canonical calibration artifacts
5F3K,unknown,archive/historical_desktop_gnn_pcna_202605_phase2_phase4/data/labels/label_manifest.json,True,False,historical/incompatible or absent,train-0,,,False,True,False,False,False,False,historical_only_unverified,historical_pointer_only,,15,,False,no frozen-checkpoint prediction scores available in active canonical calibration artifacts
5F46,unknown,archive/historical_desktop_gnn_pcna_202605_phase2_phase4/data/labels/label_manifest.json,True,False,historical/incompatible or absent,train-2,,,False,True,False,False,False,False,historical_only_unverified,historical_pointer_only,,22,,False,no frozen-checkpoint prediction scores available in active canonical calibration artifacts
5F5J,unknown,archive/historical_desktop_gnn_pcna_202605_phase2_phase4/data/labels/label_manifest.json,True,False,historical/incompatible or absent,train-0,,,False,True,False,False,False,False,historical_only_unverified,historical_pointer_only,,28,,False,no frozen-checkpoint prediction scores available in active canonical calibration artifacts
5F7Q,unknown,archive/historical_desktop_gnn_pcna_202605_phase2_phase4/data/labels/label_manifest.json,True,False,historical/incompatible or absent,train-0,,,False,True,False,False,False,False,historical_only_unverified,historical_pointer_only,,15,,False,no frozen-checkpoint prediction scores available in active canonical calibration artifacts
5FIO,unknown,archive/historical_desktop_gnn_pcna_202605_phase2_phase4/data/labels/label_manifest.json,True,False,historical/incompatible or absent,train-0,,,False,True,False,False,False,False,historical_only_unverified,historical_pointer_only,,17,,False,no frozen-checkpoint prediction scores available in active canonical calibration artifacts
5FSU,unknown,archive/historical_desktop_gnn_pcna_202605_phase2_phase4/data/labels/label_manifest.json,True,False,historical/incompatible or absent,train-2,,,False,True,False,False,False,False,historical_only_unverified,historical_pointer_only,,27,,False,no frozen-checkpoint prediction scores available in active canonical calibration artifacts
5FTK,unknown,archive/historical_desktop_gnn_pcna_202605_phase2_phase4/data/labels/label_manifest.json,True,False,historical/incompatible or absent,train-1,,,False,True,False,False,False,False,historical_only_unverified,historical_pointer_only,,30,,False,no frozen-checkpoint prediction scores available in active canonical calibration artifacts
5GGC,unknown,archive/historical_desktop_gnn_pcna_202605_phase2_phase4/data/labels/label_manifest.json,True,False,historical/incompatible or absent,train-1,,,False,True,False,False,False,False,historical_only_unverified,historical_pointer_only,,18,,False,no frozen-checkpoint prediction scores available in active canonical calibration artifacts
5GGS,unknown,archive/historical_desktop_gnn_pcna_202605_phase2_phase4/data/labels/label_manifest.json,True,False,historical/incompatible or absent,train-2,,,False,True,False,False,False,False,historical_only_unverified,historical_pointer_only,,5,,False,no frozen-checkpoint prediction scores available in active canonical calibration artifacts
5GIZ,unknown,archive/historical_desktop_gnn_pcna_202605_phase2_phase4/data/labels/label_manifest.json,True,False,historical/incompatible or absent,train-0,,,False,True,False,False,False,False,historical_only_unverified,historical_pointer_only,,21,,False,no frozen-checkpoint prediction scores available in active canonical calibration artifacts
5GL7,unknown,archive/historical_desktop_gnn_pcna_202605_phase2_phase4/data/labels/label_manifest.json,True,False,historical/incompatible or absent,train-1,,,False,True,False,False,False,False,historical_only_unverified,historical_pointer_only,,11,,False,no frozen-checkpoint prediction scores available in active canonical calibration artifacts
5GMC,unknown,archive/historical_desktop_gnn_pcna_202605_phase2_phase4/data/labels/label_manifest.json,True,False,historical/incompatible or absent,test,,,False,False,False,True,False,False,historical_only_unverified,historical_pointer_only,,0,,False,no frozen-checkpoint prediction scores available in active canonical calibration artifacts
5GMO,unknown,archive/historical_desktop_gnn_pcna_202605_phase2_phase4/data/labels/label_manifest.json,True,False,historical/incompatible or absent,train-3,,,False,True,False,False,False,False,historical_only_unverified,historical_pointer_only,,31,,False,no frozen-checkpoint prediction scores available in active canonical calibration artifacts
5GW7,unknown,archive/historical_desktop_gnn_pcna_202605_phase2_phase4/data/labels/label_manifest.json,True,False,historical/incompatible or absent,train-3,,,False,True,False,False,False,False,historical_only_unverified,historical_pointer_only,,4,,False,no frozen-checkpoint prediction scores available in active canonical calibration artifacts
5H0T,unknown,data/raw_intake/rcsb_pdb/5H0T_poly_entity.json,False,False,absent,,,,False,False,False,False,False,False,none,structure_only,,,,False,no machine-readable residue/pocket labels
5H61,unknown,archive/historical_desktop_gnn_pcna_202605_phase2_phase4/data/labels/label_manifest.json,True,False,historical/incompatible or absent,train-0,,,False,True,False,False,False,False,historical_only_unverified,historical_pointer_only,,13,,False,no frozen-checkpoint prediction scores available in active canonical calibration artifacts
5H8K,unknown,archive/historical_desktop_gnn_pcna_202605_phase2_phase4/data/labels/label_manifest.json,True,False,historical/incompatible or absent,test,,,False,False,False,True,False,False,historical_only_unverified,historical_pointer_only,,0,,False,no frozen-checkpoint prediction scores available in active canonical calibration artifacts
5H9K,unknown,archive/historical_desktop_gnn_pcna_202605_phase2_phase4/data/labels/label_manifest.json,True,False,historical/incompatible or absent,train-2,,,False,True,False,False,False,False,historical_only_unverified,historical_pointer_only,,25,,False,no frozen-checkpoint prediction scores available in active canonical calibration artifacts
5HAC,unknown,data/raw_intake/rcsb_pdb/5HAC_poly_entity.json,False,False,absent,,,,False,False,False,False,False,False,none,structure_only,,,,False,no machine-readable residue/pocket labels
5HGX,unknown,archive/historical_desktop_gnn_pcna_202605_phase2_phase4/data/labels/label_manifest.json,True,False,historical/incompatible or absent,train-2,,,False,True,False,False,False,False,historical_only_unverified,historical_pointer_only,,14,,False,no frozen-checkpoint prediction scores available in active canonical calibration artifacts
5HI5,unknown,archive/historical_desktop_gnn_pcna_202605_phase2_phase4/data/labels/label_manifest.json,True,False,historical/incompatible or absent,train-3,,,False,True,False,False,False,False,historical_only_unverified,historical_pointer_only,,9,,False,no frozen-checkpoint prediction scores available in active canonical calibration artifacts
5HIJ,unknown,archive/historical_desktop_gnn_pcna_202605_phase2_phase4/data/labels/label_manifest.json,True,False,historical/incompatible or absent,test,,,False,False,False,True,False,False,historical_only_unverified,historical_pointer_only,,21,,False,no frozen-checkpoint prediction scores available in active canonical calibration artifacts
5HKE,unknown,archive/historical_desktop_gnn_pcna_202605_phase2_phase4/data/labels/label_manifest.json,True,False,historical/incompatible or absent,train-2,,,False,True,False,False,False,False,historical_only_unverified,historical_pointer_only,,9,,False,no frozen-checkpoint prediction scores available in active canonical calibration artifacts
5HQ8,unknown,archive/historical_desktop_gnn_pcna_202605_phase2_phase4/data/labels/label_manifest.json,True,False,historical/incompatible or absent,train-2,,,False,True,False,False,False,False,historical_only_unverified,historical_pointer_only,,9,,False,no frozen-checkpoint prediction scores available in active canonical calibration artifacts
5HSI,unknown,archive/historical_desktop_gnn_pcna_202605_phase2_phase4/data/labels/label_manifest.json,True,False,historical/incompatible or absent,train-1,,,False,True,False,False,False,False,historical_only_unverified,historical_pointer_only,,0,,False,no frozen-checkpoint prediction scores available in active canonical calibration artifacts
5HSM,unknown,archive/historical_desktop_gnn_pcna_202605_phase2_phase4/data/labels/label_manifest.json,True,False,historical/incompatible or absent,train-3,,,False,True,False,False,False,False,historical_only_unverified,historical_pointer_only,,10,,False,no frozen-checkpoint prediction scores available in active canonical calibration artifacts
5HTO,unknown,archive/historical_desktop_gnn_pcna_202605_phase2_phase4/data/labels/label_manifest.json,True,False,historical/incompatible or absent,test,,,False,False,False,True,False,False,historical_only_unverified,historical_pointer_only,,33,,False,no frozen-checkpoint prediction scores available in active canonical calibration artifacts
5HXQ,unknown,archive/historical_desktop_gnn_pcna_202605_phase2_phase4/data/labels/label_manifest.json,True,False,historical/incompatible or absent,train-0,,,False,True,False,False,False,False,historical_only_unverified,historical_pointer_only,,0,,False,no frozen-checkpoint prediction scores available in active canonical calibration artifacts
5I3T,unknown,archive/historical_desktop_gnn_pcna_202605_phase2_phase4/data/labels/label_manifest.json,True,False,historical/incompatible or absent,test,,,False,False,False,True,False,False,historical_only_unverified,historical_pointer_only,,4,,False,no frozen-checkpoint prediction scores available in active canonical calibration artifacts
5I59,unknown,archive/historical_desktop_gnn_pcna_202605_phase2_phase4/data/labels/label_manifest.json,True,False,historical/incompatible or absent,train-3,,,False,True,False,False,False,False,historical_only_unverified,historical_pointer_only,,16,,False,no frozen-checkpoint prediction scores available in active canonical calibration artifacts
5I5D,unknown,archive/historical_desktop_gnn_pcna_202605_phase2_phase4/data/labels/label_manifest.json,True,False,historical/incompatible or absent,train-1,,,False,True,False,False,False,False,historical_only_unverified,historical_pointer_only,,8,,False,no frozen-checkpoint prediction scores available in active canonical calibration artifacts
5ICS,unknown,archive/historical_desktop_gnn_pcna_202605_phase2_phase4/data/labels/label_manifest.json,True,False,historical/incompatible or absent,train-3,,,False,True,False,False,False,False,historical_only_unverified,historical_pointer_only,,8,,False,no frozen-checkpoint prediction scores available in active canonical calibration artifacts
5IGH,unknown,archive/historical_desktop_gnn_pcna_202605_phase2_phase4/data/labels/label_manifest.json,True,False,historical/incompatible or absent,test,,,False,False,False,True,False,False,historical_only_unverified,historical_pointer_only,,24,,False,no frozen-checkpoint prediction scores available in active canonical calibration artifacts
5IHB,unknown,archive/historical_desktop_gnn_pcna_202605_phase2_phase4/data/labels/label_manifest.json,True,False,historical/incompatible or absent,train-0,,,False,True,False,False,False,False,historical_only_unverified,historical_pointer_only,,15,,False,no frozen-checkpoint prediction scores available in active canonical calibration artifacts
5ILK,unknown,archive/historical_desktop_gnn_pcna_202605_phase2_phase4/data/labels/label_manifest.json,True,False,historical/incompatible or absent,train-1,,,False,True,False,False,False,False,historical_only_unverified,historical_pointer_only,,14,,False,no frozen-checkpoint prediction scores available in active canonical calibration artifacts
5IOX,unknown,archive/historical_desktop_gnn_pcna_202605_phase2_phase4/data/labels/label_manifest.json,True,False,historical/incompatible or absent,train-2,,,False,True,False,False,False,False,historical_only_unverified,historical_pointer_only,,6,,False,no frozen-checkpoint prediction scores available in active canonical calibration artifacts
5IWI,unknown,archive/historical_desktop_gnn_pcna_202605_phase2_phase4/data/labels/label_manifest.json,True,False,historical/incompatible or absent,train-1,,,False,True,False,False,False,False,historical_only_unverified,historical_pointer_only,,0,,False,no frozen-checkpoint prediction scores available in active canonical calibration artifacts
5JHT,unknown,archive/historical_desktop_gnn_pcna_202605_phase2_phase4/data/labels/label_manifest.json,True,False,historical/incompatible or absent,train-3,,,False,True,False,False,False,False,historical_only_unverified,historical_pointer_only,,16,,False,no frozen-checkpoint prediction scores available in active canonical calibration artifacts
5K3A,unknown,archive/historical_desktop_gnn_pcna_202605_phase2_phase4/data/labels/label_manifest.json,True,False,historical/incompatible or absent,train-3,,,False,True,False,False,False,False,historical_only_unverified,historical_pointer_only,,9,,False,no frozen-checkpoint prediction scores available in active canonical calibration artifacts
5K7F,unknown,archive/historical_desktop_gnn_pcna_202605_phase2_phase4/data/labels/label_manifest.json,True,False,historical/incompatible or absent,train-1,,,False,True,False,False,False,False,historical_only_unverified,historical_pointer_only,,0,,False,no frozen-checkpoint prediction scores available in active canonical calibration artifacts
5K7K,unknown,archive/historical_desktop_gnn_pcna_202605_phase2_phase4/data/labels/label_manifest.json,True,False,historical/incompatible or absent,train-2,,,False,True,False,False,False,False,historical_only_unverified,historical_pointer_only,,8,,False,no frozen-checkpoint prediction scores available in active canonical calibration artifacts
5KCG,unknown,archive/historical_desktop_gnn_pcna_202605_phase2_phase4/data/labels/label_manifest.json,True,False,historical/incompatible or absent,test,,,False,False,False,True,False,False,historical_only_unverified,historical_pointer_only,,17,,False,no frozen-checkpoint prediction scores available in active canonical calibration artifacts
5KOP,unknown,archive/historical_desktop_gnn_pcna_202605_phase2_phase4/data/labels/label_manifest.json,True,False,historical/incompatible or absent,train-1,,,False,True,False,False,False,False,historical_only_unverified,historical_pointer_only,,7,,False,no frozen-checkpoint prediction scores available in active canonical calibration artifacts
5L02,unknown,archive/historical_desktop_gnn_pcna_202605_phase2_phase4/data/labels/label_manifest.json,True,False,historical/incompatible or absent,train-1,,,False,True,False,False,False,False,historical_only_unverified,historical_pointer_only,,4,,False,no frozen-checkpoint prediction scores available in active canonical calibration artifacts
5L45,unknown,archive/historical_desktop_gnn_pcna_202605_phase2_phase4/data/labels/label_manifest.json,True,False,historical/incompatible or absent,train-1,,,False,True,False,False,False,False,historical_only_unverified,historical_pointer_only,,20,,False,no frozen-checkpoint prediction scores available in active canonical calibration artifacts
5LCC,unknown,archive/historical_desktop_gnn_pcna_202605_phase2_phase4/data/labels/label_manifest.json,True,False,historical/incompatible or absent,train-3,,,False,True,False,False,False,False,historical_only_unverified,historical_pointer_only,,26,,False,no frozen-checkpoint prediction scores available in active canonical calibration artifacts
5LDI,unknown,archive/historical_desktop_gnn_pcna_202605_phase2_phase4/data/labels/label_manifest.json,True,False,historical/incompatible or absent,train-0,,,False,True,False,False,False,False,historical_only_unverified,historical_pointer_only,,0,,False,no frozen-checkpoint prediction scores available in active canonical calibration artifacts
5LGR,unknown,archive/historical_desktop_gnn_pcna_202605_phase2_phase4/data/labels/label_manifest.json,True,False,historical/incompatible or absent,train-2,,,False,True,False,False,False,False,historical_only_unverified,historical_pointer_only,,0,,False,no frozen-checkpoint prediction scores available in active canonical calibration artifacts
5LOC,unknown,archive/historical_desktop_gnn_pcna_202605_phase2_phase4/data/labels/label_manifest.json,True,False,historical/incompatible or absent,test,,,False,False,False,True,False,False,historical_only_unverified,historical_pointer_only,,36,,False,no frozen-checkpoint prediction scores available in active canonical calibration artifacts
5LOR,unknown,archive/historical_desktop_gnn_pcna_202605_phase2_phase4/data/labels/label_manifest.json,True,False,historical/incompatible or absent,train-2,,,False,True,False,False,False,False,historical_only_unverified,historical_pointer_only,,9,,False,no frozen-checkpoint prediction scores available in active canonical calibration artifacts
5LQJ,unknown,archive/historical_desktop_gnn_pcna_202605_phase2_phase4/data/labels/label_manifest.json,True,False,historical/incompatible or absent,train-1,,,False,True,False,False,False,False,historical_only_unverified,historical_pointer_only,,35,,False,no frozen-checkpoint prediction scores available in active canonical calibration artifacts
5LSO,unknown,archive/historical_desktop_gnn_pcna_202605_phase2_phase4/data/labels/label_manifest.json,True,False,historical/incompatible or absent,train-2,,,False,True,False,False,False,False,historical_only_unverified,historical_pointer_only,,8,,False,no frozen-checkpoint prediction scores available in active canonical calibration artifacts
5LXH,unknown,archive/historical_desktop_gnn_pcna_202605_phase2_phase4/data/labels/label_manifest.json,True,False,historical/incompatible or absent,train-0,,,False,True,False,False,False,False,historical_only_unverified,historical_pointer_only,,6,,False,no frozen-checkpoint prediction scores available in active canonical calibration artifacts
5M7R,unknown,archive/historical_desktop_gnn_pcna_202605_phase2_phase4/data/labels/label_manifest.json,True,False,historical/incompatible or absent,test,,,False,False,False,True,False,False,historical_only_unverified,historical_pointer_only,,0,,False,no frozen-checkpoint prediction scores available in active canonical calibration artifacts
5MAV,unknown,results/per_structure/summary_table.csv,False,False,absent,,,,True,False,False,False,True,True,none,historical_pointer_only,,,,False,PCNA/PCNA-family structure; forbidden for independent extraction selection
5MBT,unknown,archive/historical_desktop_gnn_pcna_202605_phase2_phase4/data/labels/label_manifest.json,True,False,historical/incompatible or absent,train-3,,,False,True,False,False,False,False,historical_only_unverified,historical_pointer_only,,14,,False,no frozen-checkpoint prediction scores available in active canonical calibration artifacts
5MCA,unknown,archive/historical_desktop_gnn_pcna_202605_phase2_phase4/data/labels/label_manifest.json,True,False,historical/incompatible or absent,train-0,,,False,True,False,False,False,False,historical_only_unverified,historical_pointer_only,,20,,False,no frozen-checkpoint prediction scores available in active canonical calibration artifacts
5MF2,unknown,archive/historical_desktop_gnn_pcna_202605_phase2_phase4/data/labels/label_manifest.json,True,False,historical/incompatible or absent,train-2,,,False,True,False,False,False,False,historical_only_unverified,historical_pointer_only,,5,,False,no frozen-checkpoint prediction scores available in active canonical calibration artifacts
5MKB,unknown,archive/historical_desktop_gnn_pcna_202605_phase2_phase4/data/labels/label_manifest.json,True,False,historical/incompatible or absent,train-0,,,False,True,False,False,False,False,historical_only_unverified,historical_pointer_only,,10,,False,no frozen-checkpoint prediction scores available in active canonical calibration artifacts
5MLO,unknown,results/per_structure/summary_table.csv,False,False,absent,,,,True,False,False,False,True,True,none,historical_pointer_only,,,,False,PCNA/PCNA-family structure; forbidden for independent extraction selection
5MLW,unknown,results/per_structure/summary_table.csv,False,False,absent,,,,True,False,False,False,True,True,none,historical_pointer_only,,,,False,PCNA/PCNA-family structure; forbidden for independent extraction selection
5MOM,unknown,results/per_structure/summary_table.csv,False,False,absent,,,,True,False,False,False,True,True,none,historical_pointer_only,,,,False,PCNA/PCNA-family structure; forbidden for independent extraction selection
5N49,unknown,archive/historical_desktop_gnn_pcna_202605_phase2_phase4/data/labels/label_manifest.json,True,False,historical/incompatible or absent,test,,,False,False,False,True,False,False,historical_only_unverified,historical_pointer_only,,0,,False,no frozen-checkpoint prediction scores available in active canonical calibration artifacts
5NCH,unknown,archive/historical_desktop_gnn_pcna_202605_phase2_phase4/data/labels/label_manifest.json,True,False,historical/incompatible or absent,train-3,,,False,True,False,False,False,False,historical_only_unverified,historical_pointer_only,,14,,False,no frozen-checkpoint prediction scores available in active canonical calibration artifacts
5NIA,unknown,archive/historical_desktop_gnn_pcna_202605_phase2_phase4/data/labels/label_manifest.json,True,False,historical/incompatible or absent,train-3,,,False,True,False,False,False,False,historical_only_unverified,historical_pointer_only,,24,,False,no frozen-checkpoint prediction scores available in active canonical calibration artifacts
5NIN,unknown,archive/historical_desktop_gnn_pcna_202605_phase2_phase4/data/labels/label_manifest.json,True,False,historical/incompatible or absent,train-3,,,False,True,False,False,False,False,historical_only_unverified,historical_pointer_only,,21,,False,no frozen-checkpoint prediction scores available in active canonical calibration artifacts
5NR9,unknown,archive/historical_desktop_gnn_pcna_202605_phase2_phase4/data/labels/label_manifest.json,True,False,historical/incompatible or absent,train-2,,,False,True,False,False,False,False,historical_only_unverified,historical_pointer_only,,19,,False,no frozen-checkpoint prediction scores available in active canonical calibration artifacts
5NY2,unknown,archive/historical_desktop_gnn_pcna_202605_phase2_phase4/data/labels/label_manifest.json,True,False,historical/incompatible or absent,train-2,,,False,True,False,False,False,False,historical_only_unverified,historical_pointer_only,,5,,False,no frozen-checkpoint prediction scores available in active canonical calibration artifacts
5NZ1,unknown,archive/historical_desktop_gnn_pcna_202605_phase2_phase4/data/labels/label_manifest.json,True,False,historical/incompatible or absent,train-3,,,False,True,False,False,False,False,historical_only_unverified,historical_pointer_only,,36,,False,no frozen-checkpoint prediction scores available in active canonical calibration artifacts
5NZM,unknown,archive/historical_desktop_gnn_pcna_202605_phase2_phase4/data/labels/label_manifest.json,True,False,historical/incompatible or absent,train-2,,,False,True,False,False,False,False,historical_only_unverified,historical_pointer_only,,29,,False,no frozen-checkpoint prediction scores available in active canonical calibration artifacts
5NZX,unknown,archive/historical_desktop_gnn_pcna_202605_phase2_phase4/data/labels/label_manifest.json,True,False,historical/incompatible or absent,train-2,,,False,True,False,False,False,False,historical_only_unverified,historical_pointer_only,,12,,False,no frozen-checkpoint prediction scores available in active canonical calibration artifacts
5O1M,unknown,archive/historical_desktop_gnn_pcna_202605_phase2_phase4/data/labels/label_manifest.json,True,False,historical/incompatible or absent,train-2,,,False,True,False,False,False,False,historical_only_unverified,historical_pointer_only,,12,,False,no frozen-checkpoint prediction scores available in active canonical calibration artifacts
5O8B,unknown,archive/historical_desktop_gnn_pcna_202605_phase2_phase4/data/labels/label_manifest.json,True,False,historical/incompatible or absent,test,,,False,False,False,True,False,False,historical_only_unverified,historical_pointer_only,,4,,False,no frozen-checkpoint prediction scores available in active canonical calibration artifacts
5OJX,unknown,archive/historical_desktop_gnn_pcna_202605_phase2_phase4/data/labels/label_manifest.json,True,False,historical/incompatible or absent,train-1,,,False,True,False,False,False,False,historical_only_unverified,historical_pointer_only,,15,,False,no frozen-checkpoint prediction scores available in active canonical calibration artifacts
5OP0,unknown,archive/historical_desktop_gnn_pcna_202605_phase2_phase4/data/labels/label_manifest.json,True,False,historical/incompatible or absent,train-0,,,False,True,False,False,False,False,historical_only_unverified,historical_pointer_only,,14,,False,no frozen-checkpoint prediction scores available in active canonical calibration artifacts
5RAR,unknown,archive/historical_desktop_gnn_pcna_202605_phase2_phase4/data/labels/label_manifest.json,True,False,historical/incompatible or absent,train-2,,,False,True,False,False,False,False,historical_only_unverified,historical_pointer_only,,25,,False,no frozen-checkpoint prediction scores available in active canonical calibration artifacts
5SC2,unknown,archive/historical_desktop_gnn_pcna_202605_phase2_phase4/data/labels/label_manifest.json,True,False,historical/incompatible or absent,test,,,False,False,False,True,False,False,historical_only_unverified,historical_pointer_only,,5,,False,no frozen-checkpoint prediction scores available in active canonical calibration artifacts
5T2V,unknown,archive/historical_desktop_gnn_pcna_202605_phase2_phase4/data/labels/label_manifest.json,True,False,historical/incompatible or absent,train-3,,,False,True,False,False,False,False,historical_only_unverified,historical_pointer_only,,34,,False,no frozen-checkpoint prediction scores available in active canonical calibration artifacts
5T7T,unknown,archive/historical_desktop_gnn_pcna_202605_phase2_phase4/data/labels/label_manifest.json,True,False,historical/incompatible or absent,train-1,,,False,True,False,False,False,False,historical_only_unverified,historical_pointer_only,,4,,False,no frozen-checkpoint prediction scores available in active canonical calibration artifacts
5TC0,unknown,archive/historical_desktop_gnn_pcna_202605_phase2_phase4/data/labels/label_manifest.json,True,False,historical/incompatible or absent,test,,,False,False,False,True,False,False,historical_only_unverified,historical_pointer_only,,28,,False,no frozen-checkpoint prediction scores available in active canonical calibration artifacts
5TH0,unknown,archive/historical_desktop_gnn_pcna_202605_phase2_phase4/data/labels/label_manifest.json,True,False,historical/incompatible or absent,train-3,,,False,True,False,False,False,False,historical_only_unverified,historical_pointer_only,,14,,False,no frozen-checkpoint prediction scores available in active canonical calibration artifacts
5TQV,unknown,archive/historical_desktop_gnn_pcna_202605_phase2_phase4/data/labels/label_manifest.json,True,False,historical/incompatible or absent,train-3,,,False,True,False,False,False,False,historical_only_unverified,historical_pointer_only,,30,,False,no frozen-checkpoint prediction scores available in active canonical calibration artifacts
5TSX,unknown,archive/historical_desktop_gnn_pcna_202605_phase2_phase4/data/labels/label_manifest.json,True,False,historical/incompatible or absent,train-1,,,False,True,False,False,False,False,historical_only_unverified,historical_pointer_only,,0,,False,no frozen-checkpoint prediction scores available in active canonical calibration artifacts
5TVI,unknown,archive/historical_desktop_gnn_pcna_202605_phase2_phase4/data/labels/label_manifest.json,True,False,historical/incompatible or absent,test,,,False,False,False,True,False,False,historical_only_unverified,historical_pointer_only,,16,,False,no frozen-checkpoint prediction scores available in active canonical calibration artifacts
5U95,unknown,archive/historical_desktop_gnn_pcna_202605_phase2_phase4/data/labels/label_manifest.json,True,False,historical/incompatible or absent,train-3,,,False,True,False,False,False,False,historical_only_unverified,historical_pointer_only,,36,,False,no frozen-checkpoint prediction scores available in active canonical calibration artifacts
5U9M,unknown,archive/historical_desktop_gnn_pcna_202605_phase2_phase4/data/labels/label_manifest.json,True,False,historical/incompatible or absent,train-3,,,False,True,False,False,False,False,historical_only_unverified,historical_pointer_only,,0,,False,no frozen-checkpoint prediction scores available in active canonical calibration artifacts
5UJP,unknown,archive/historical_desktop_gnn_pcna_202605_phase2_phase4/data/labels/label_manifest.json,True,False,historical/incompatible or absent,test,,,False,False,False,True,False,False,historical_only_unverified,historical_pointer_only,,0,,False,no frozen-checkpoint prediction scores available in active canonical calibration artifacts
5UN3,unknown,archive/historical_desktop_gnn_pcna_202605_phase2_phase4/data/labels/label_manifest.json,True,False,historical/incompatible or absent,train-2,,,False,True,False,False,False,False,historical_only_unverified,historical_pointer_only,,9,,False,no frozen-checkpoint prediction scores available in active canonical calibration artifacts
5UXA,unknown,archive/historical_desktop_gnn_pcna_202605_phase2_phase4/data/labels/label_manifest.json,True,False,historical/incompatible or absent,test,,,False,False,False,True,False,False,historical_only_unverified,historical_pointer_only,,25,,False,no frozen-checkpoint prediction scores available in active canonical calibration artifacts
5UZV,unknown,archive/historical_desktop_gnn_pcna_202605_phase2_phase4/data/labels/label_manifest.json,True,False,historical/incompatible or absent,train-0,,,False,True,False,False,False,False,historical_only_unverified,historical_pointer_only,,7,,False,no frozen-checkpoint prediction scores available in active canonical calibration artifacts
5V1Y,unknown,archive/historical_desktop_gnn_pcna_202605_phase2_phase4/data/labels/label_manifest.json,True,False,historical/incompatible or absent,train-1,,,False,True,False,False,False,False,historical_only_unverified,historical_pointer_only,,7,,False,no frozen-checkpoint prediction scores available in active canonical calibration artifacts
5V2K,unknown,archive/historical_desktop_gnn_pcna_202605_phase2_phase4/data/labels/label_manifest.json,True,False,historical/incompatible or absent,train-2,,,False,True,False,False,False,False,historical_only_unverified,historical_pointer_only,,8,,False,no frozen-checkpoint prediction scores available in active canonical calibration artifacts
5V49,unknown,archive/historical_desktop_gnn_pcna_202605_phase2_phase4/data/labels/label_manifest.json,True,False,historical/incompatible or absent,train-0,,,False,True,False,False,False,False,historical_only_unverified,historical_pointer_only,,32,,False,no frozen-checkpoint prediction scores available in active canonical calibration artifacts
5W5D,unknown,archive/historical_desktop_gnn_pcna_202605_phase2_phase4/data/labels/label_manifest.json,True,False,historical/incompatible or absent,train-2,,,False,True,False,False,False,False,historical_only_unverified,historical_pointer_only,,6,,False,no frozen-checkpoint prediction scores available in active canonical calibration artifacts
5W97,unknown,archive/historical_desktop_gnn_pcna_202605_phase2_phase4/data/labels/label_manifest.json,True,False,historical/incompatible or absent,train-0,,,False,True,False,False,False,False,historical_only_unverified,historical_pointer_only,,0,,False,no frozen-checkpoint prediction scores available in active canonical calibration artifacts
5WBM,unknown,archive/historical_desktop_gnn_pcna_202605_phase2_phase4/data/labels/label_manifest.json,True,False,historical/incompatible or absent,test,,,False,False,False,True,False,False,historical_only_unverified,historical_pointer_only,,13,,False,no frozen-checkpoint prediction scores available in active canonical calibration artifacts
5WM0,unknown,archive/historical_desktop_gnn_pcna_202605_phase2_phase4/data/labels/label_manifest.json,True,False,historical/incompatible or absent,train-2,,,False,True,False,False,False,False,historical_only_unverified,historical_pointer_only,,10,,False,no frozen-checkpoint prediction scores available in active canonical calibration artifacts
5WM9,unknown,archive/historical_desktop_gnn_pcna_202605_phase2_phase4/data/labels/label_manifest.json,True,False,historical/incompatible or absent,test,,,False,False,False,True,False,False,historical_only_unverified,historical_pointer_only,,0,,False,no frozen-checkpoint prediction scores available in active canonical calibration artifacts
5X1O,unknown,archive/historical_desktop_gnn_pcna_202605_phase2_phase4/data/labels/label_manifest.json,True,False,historical/incompatible or absent,train-2,,,False,True,False,False,False,False,historical_only_unverified,historical_pointer_only,,6,,False,no frozen-checkpoint prediction scores available in active canonical calibration artifacts
5X6Z,unknown,archive/historical_desktop_gnn_pcna_202605_phase2_phase4/data/labels/label_manifest.json,True,False,historical/incompatible or absent,train-0,,,False,True,False,False,False,False,historical_only_unverified,historical_pointer_only,,18,,False,no frozen-checkpoint prediction scores available in active canonical calibration artifacts
5XCW,unknown,archive/historical_desktop_gnn_pcna_202605_phase2_phase4/data/labels/label_manifest.json,True,False,historical/incompatible or absent,train-2,,,False,True,False,False,False,False,historical_only_unverified,historical_pointer_only,,12,,False,no frozen-checkpoint prediction scores available in active canonical calibration artifacts
5XVV,unknown,archive/historical_desktop_gnn_pcna_202605_phase2_phase4/data/labels/label_manifest.json,True,False,historical/incompatible or absent,train-2,,,False,True,False,False,False,False,historical_only_unverified,historical_pointer_only,,16,,False,no frozen-checkpoint prediction scores available in active canonical calibration artifacts
5YCO,unknown,results/per_structure/summary_table.csv,False,False,absent,,,,True,False,False,False,True,True,none,historical_pointer_only,,,,False,PCNA/PCNA-family structure; forbidden for independent extraction selection
5YD8,unknown,results/per_structure/summary_table.csv,False,False,absent,,,,True,False,False,False,True,True,none,historical_pointer_only,,,,False,PCNA/PCNA-family structure; forbidden for independent extraction selection
5YHB,unknown,archive/historical_desktop_gnn_pcna_202605_phase2_phase4/data/labels/label_manifest.json,True,False,historical/incompatible or absent,test,,,False,False,False,True,False,False,historical_only_unverified,historical_pointer_only,,5,,False,no frozen-checkpoint prediction scores available in active canonical calibration artifacts
5YJ2,unknown,archive/historical_desktop_gnn_pcna_202605_phase2_phase4/data/labels/label_manifest.json,True,False,historical/incompatible or absent,test,,,False,False,False,True,False,False,historical_only_unverified,historical_pointer_only,,8,,False,no frozen-checkpoint prediction scores available in active canonical calibration artifacts
5YQP,unknown,archive/historical_desktop_gnn_pcna_202605_phase2_phase4/data/labels/label_manifest.json,True,False,historical/incompatible or absent,test,,,False,False,False,True,False,False,historical_only_unverified,historical_pointer_only,,25,,False,no frozen-checkpoint prediction scores available in active canonical calibration artifacts
5YSB,unknown,archive/historical_desktop_gnn_pcna_202605_phase2_phase4/data/labels/label_manifest.json,True,False,historical/incompatible or absent,test,,,False,False,False,True,False,False,historical_only_unverified,historical_pointer_only,,14,,False,no frozen-checkpoint prediction scores available in active canonical calibration artifacts
5YTB,unknown,archive/historical_desktop_gnn_pcna_202605_phase2_phase4/data/labels/label_manifest.json,True,False,historical/incompatible or absent,train-1,,,False,True,False,False,False,False,historical_only_unverified,historical_pointer_only,,22,,False,no frozen-checkpoint prediction scores available in active canonical calibration artifacts
5Z0A,unknown,archive/historical_desktop_gnn_pcna_202605_phase2_phase4/data/labels/label_manifest.json,True,False,historical/incompatible or absent,train-3,,,False,True,False,False,False,False,historical_only_unverified,historical_pointer_only,,18,,False,no frozen-checkpoint prediction scores available in active canonical calibration artifacts
5Z18,unknown,archive/historical_desktop_gnn_pcna_202605_phase2_phase4/data/labels/label_manifest.json,True,False,historical/incompatible or absent,test,,,False,False,False,True,False,False,historical_only_unverified,historical_pointer_only,,14,,False,no frozen-checkpoint prediction scores available in active canonical calibration artifacts
5Z43,unknown,archive/historical_desktop_gnn_pcna_202605_phase2_phase4/data/labels/label_manifest.json,True,False,historical/incompatible or absent,train-2,,,False,True,False,False,False,False,historical_only_unverified,historical_pointer_only,,23,,False,no frozen-checkpoint prediction scores available in active canonical calibration artifacts
5Z67,unknown,archive/historical_desktop_gnn_pcna_202605_phase2_phase4/data/labels/label_manifest.json,True,False,historical/incompatible or absent,train-3,,,False,True,False,False,False,False,historical_only_unverified,historical_pointer_only,,19,,False,no frozen-checkpoint prediction scores available in active canonical calibration artifacts
5Z6C,unknown,archive/historical_desktop_gnn_pcna_202605_phase2_phase4/data/labels/label_manifest.json,True,False,historical/incompatible or absent,train-1,,,False,True,False,False,False,False,historical_only_unverified,historical_pointer_only,,10,,False,no frozen-checkpoint prediction scores available in active canonical calibration artifacts
5ZA4,unknown,archive/historical_desktop_gnn_pcna_202605_phase2_phase4/data/labels/label_manifest.json,True,False,historical/incompatible or absent,train-1,,,False,True,False,False,False,False,historical_only_unverified,historical_pointer_only,,22,,False,no frozen-checkpoint prediction scores available in active canonical calibration artifacts
5ZE7,unknown,archive/historical_desktop_gnn_pcna_202605_phase2_phase4/data/labels/label_manifest.json,True,False,historical/incompatible or absent,train-2,,,False,True,False,False,False,False,historical_only_unverified,historical_pointer_only,,37,,False,no frozen-checkpoint prediction scores available in active canonical calibration artifacts
5ZIC,unknown,archive/historical_desktop_gnn_pcna_202605_phase2_phase4/data/labels/label_manifest.json,True,False,historical/incompatible or absent,train-1,,,False,True,False,False,False,False,historical_only_unverified,historical_pointer_only,,16,,False,no frozen-checkpoint prediction scores available in active canonical calibration artifacts
5ZJ4,unknown,archive/historical_desktop_gnn_pcna_202605_phase2_phase4/data/labels/label_manifest.json,True,False,historical/incompatible or absent,test,,,False,False,False,True,False,False,historical_only_unverified,historical_pointer_only,,11,,False,no frozen-checkpoint prediction scores available in active canonical calibration artifacts
5ZRN,unknown,archive/historical_desktop_gnn_pcna_202605_phase2_phase4/data/labels/label_manifest.json,True,False,historical/incompatible or absent,train-3,,,False,True,False,False,False,False,historical_only_unverified,historical_pointer_only,,9,,False,no frozen-checkpoint prediction scores available in active canonical calibration artifacts
5ZV0,unknown,archive/historical_desktop_gnn_pcna_202605_phase2_phase4/data/labels/label_manifest.json,True,False,historical/incompatible or absent,train-2,,,False,True,False,False,False,False,historical_only_unverified,historical_pointer_only,,15,,False,no frozen-checkpoint prediction scores available in active canonical calibration artifacts
6A45,unknown,archive/historical_desktop_gnn_pcna_202605_phase2_phase4/data/labels/label_manifest.json,True,False,historical/incompatible or absent,train-2,,,False,True,False,False,False,False,historical_only_unverified,historical_pointer_only,,13,,False,no frozen-checkpoint prediction scores available in active canonical calibration artifacts
6A98,unknown,archive/historical_desktop_gnn_pcna_202605_phase2_phase4/data/labels/label_manifest.json,True,False,historical/incompatible or absent,test,,,False,False,False,True,False,False,historical_only_unverified,historical_pointer_only,,13,,False,no frozen-checkpoint prediction scores available in active canonical calibration artifacts
6AA3,unknown,archive/historical_desktop_gnn_pcna_202605_phase2_phase4/data/labels/label_manifest.json,True,False,historical/incompatible or absent,train-2,,,False,True,False,False,False,False,historical_only_unverified,historical_pointer_only,,21,,False,no frozen-checkpoint prediction scores available in active canonical calibration artifacts
6ACE,unknown,archive/historical_desktop_gnn_pcna_202605_phase2_phase4/data/labels/label_manifest.json,True,False,historical/incompatible or absent,train-0,,,False,True,False,False,False,False,historical_only_unverified,historical_pointer_only,,17,,False,no frozen-checkpoint prediction scores available in active canonical calibration artifacts
6AIB,unknown,archive/historical_desktop_gnn_pcna_202605_phase2_phase4/data/labels/label_manifest.json,True,False,historical/incompatible or absent,train-3,,,False,True,False,False,False,False,historical_only_unverified,historical_pointer_only,,17,,False,no frozen-checkpoint prediction scores available in active canonical calibration artifacts
6AQE,unknown,archive/historical_desktop_gnn_pcna_202605_phase2_phase4/data/labels/label_manifest.json,True,False,historical/incompatible or absent,train-1,,,False,True,False,False,False,False,historical_only_unverified,historical_pointer_only,,8,,False,no frozen-checkpoint prediction scores available in active canonical calibration artifacts
6AYM,unknown,archive/historical_desktop_gnn_pcna_202605_phase2_phase4/data/labels/label_manifest.json,True,False,historical/incompatible or absent,train-3,,,False,True,False,False,False,False,historical_only_unverified,historical_pointer_only,,0,,False,no frozen-checkpoint prediction scores available in active canonical calibration artifacts
6BKX,unknown,archive/historical_desktop_gnn_pcna_202605_phase2_phase4/data/labels/label_manifest.json,True,False,historical/incompatible or absent,train-3,,,False,True,False,False,False,False,historical_only_unverified,historical_pointer_only,,0,,False,no frozen-checkpoint prediction scores available in active canonical calibration artifacts
6BN5,unknown,archive/historical_desktop_gnn_pcna_202605_phase2_phase4/data/labels/label_manifest.json,True,False,historical/incompatible or absent,train-0,,,False,True,False,False,False,False,historical_only_unverified,historical_pointer_only,,13,,False,no frozen-checkpoint prediction scores available in active canonical calibration artifacts
6BTY,unknown,archive/historical_desktop_gnn_pcna_202605_phase2_phase4/data/labels/label_manifest.json,True,False,historical/incompatible or absent,test,,,False,False,False,True,False,False,historical_only_unverified,historical_pointer_only,,9,,False,no frozen-checkpoint prediction scores available in active canonical calibration artifacts
6BYY,unknown,archive/historical_desktop_gnn_pcna_202605_phase2_phase4/data/labels/label_manifest.json,True,False,historical/incompatible or absent,train-3,,,False,True,False,False,False,False,historical_only_unverified,historical_pointer_only,,0,,False,no frozen-checkpoint prediction scores available in active canonical calibration artifacts
6BZI,unknown,archive/historical_desktop_gnn_pcna_202605_phase2_phase4/data/labels/label_manifest.json,True,False,historical/incompatible or absent,train-3,,,False,True,False,False,False,False,historical_only_unverified,historical_pointer_only,,13,,False,no frozen-checkpoint prediction scores available in active canonical calibration artifacts
6C4G,unknown,archive/historical_desktop_gnn_pcna_202605_phase2_phase4/data/labels/label_manifest.json,True,False,historical/incompatible or absent,train-1,,,False,True,False,False,False,False,historical_only_unverified,historical_pointer_only,,8,,False,no frozen-checkpoint prediction scores available in active canonical calibration artifacts
6C4T,unknown,archive/historical_desktop_gnn_pcna_202605_phase2_phase4/data/labels/label_manifest.json,True,False,historical/incompatible or absent,train-3,,,False,True,False,False,False,False,historical_only_unverified,historical_pointer_only,,6,,False,no frozen-checkpoint prediction scores available in active canonical calibration artifacts
6CBI,unknown,results/per_structure/summary_table.csv,False,False,absent,,,,True,False,False,False,True,True,none,historical_pointer_only,,,,False,PCNA/PCNA-family structure; forbidden for independent extraction selection
6CFS,unknown,archive/historical_desktop_gnn_pcna_202605_phase2_phase4/data/labels/label_manifest.json,True,False,historical/incompatible or absent,train-1,,,False,True,False,False,False,False,historical_only_unverified,historical_pointer_only,,14,,False,no frozen-checkpoint prediction scores available in active canonical calibration artifacts
6CJF,unknown,archive/historical_desktop_gnn_pcna_202605_phase2_phase4/data/labels/label_manifest.json,True,False,historical/incompatible or absent,train-0,,,False,True,False,False,False,False,historical_only_unverified,historical_pointer_only,,21,,False,no frozen-checkpoint prediction scores available in active canonical calibration artifacts
6CO1,unknown,archive/historical_desktop_gnn_pcna_202605_phase2_phase4/data/labels/label_manifest.json,True,False,historical/incompatible or absent,train-2,,,False,True,False,False,False,False,historical_only_unverified,historical_pointer_only,,10,,False,no frozen-checkpoint prediction scores available in active canonical calibration artifacts
6CQE,unknown,archive/historical_desktop_gnn_pcna_202605_phase2_phase4/data/labels/label_manifest.json,True,False,historical/incompatible or absent,test,,,False,False,False,True,False,False,historical_only_unverified,historical_pointer_only,,26,,False,no frozen-checkpoint prediction scores available in active canonical calibration artifacts
6CSW,unknown,archive/historical_desktop_gnn_pcna_202605_phase2_phase4/data/labels/label_manifest.json,True,False,historical/incompatible or absent,train-2,,,False,True,False,False,False,False,historical_only_unverified,historical_pointer_only,,23,,False,no frozen-checkpoint prediction scores available in active canonical calibration artifacts
6CWJ,unknown,archive/historical_desktop_gnn_pcna_202605_phase2_phase4/data/labels/label_manifest.json,True,False,historical/incompatible or absent,train-1,,,False,True,False,False,False,False,historical_only_unverified,historical_pointer_only,,0,,False,no frozen-checkpoint prediction scores available in active canonical calibration artifacts
6CWM,unknown,archive/historical_desktop_gnn_pcna_202605_phase2_phase4/data/labels/label_manifest.json,True,False,historical/incompatible or absent,train-3,,,False,True,False,False,False,False,historical_only_unverified,historical_pointer_only,,11,,False,no frozen-checkpoint prediction scores available in active canonical calibration artifacts
6CWW,unknown,archive/historical_desktop_gnn_pcna_202605_phase2_phase4/data/labels/label_manifest.json,True,False,historical/incompatible or absent,train-3,,,False,True,False,False,False,False,historical_only_unverified,historical_pointer_only,,8,,False,no frozen-checkpoint prediction scores available in active canonical calibration artifacts
6CY1,unknown,archive/historical_desktop_gnn_pcna_202605_phase2_phase4/data/labels/label_manifest.json,True,False,historical/incompatible or absent,train-0,,,False,True,False,False,False,False,historical_only_unverified,historical_pointer_only,,17,,False,no frozen-checkpoint prediction scores available in active canonical calibration artifacts
6CZP,unknown,archive/historical_desktop_gnn_pcna_202605_phase2_phase4/data/labels/label_manifest.json,True,False,historical/incompatible or absent,train-1,,,False,True,False,False,False,False,historical_only_unverified,historical_pointer_only,,3,,False,no frozen-checkpoint prediction scores available in active canonical calibration artifacts
6CZX,unknown,archive/historical_desktop_gnn_pcna_202605_phase2_phase4/data/labels/label_manifest.json,True,False,historical/incompatible or absent,train-3,,,False,True,False,False,False,False,historical_only_unverified,historical_pointer_only,,0,,False,no frozen-checkpoint prediction scores available in active canonical calibration artifacts
6DAU,unknown,archive/historical_desktop_gnn_pcna_202605_phase2_phase4/data/labels/label_manifest.json,True,False,historical/incompatible or absent,train-0,,,False,True,False,False,False,False,historical_only_unverified,historical_pointer_only,,35,,False,no frozen-checkpoint prediction scores available in active canonical calibration artifacts
6DDL,unknown,archive/historical_desktop_gnn_pcna_202605_phase2_phase4/data/labels/label_manifest.json,True,False,historical/incompatible or absent,train-1,,,False,True,False,False,False,False,historical_only_unverified,historical_pointer_only,,12,,False,no frozen-checkpoint prediction scores available in active canonical calibration artifacts
6DTR,unknown,archive/historical_desktop_gnn_pcna_202605_phase2_phase4/data/labels/label_manifest.json,True,False,historical/incompatible or absent,train-0,,,False,True,False,False,False,False,historical_only_unverified,historical_pointer_only,,11,,False,no frozen-checkpoint prediction scores available in active canonical calibration artifacts
6DU4,unknown,archive/historical_desktop_gnn_pcna_202605_phase2_phase4/data/labels/label_manifest.json,True,False,historical/incompatible or absent,test,,,False,False,False,True,False,False,historical_only_unverified,historical_pointer_only,,26,,False,no frozen-checkpoint prediction scores available in active canonical calibration artifacts
6DZ8,unknown,archive/historical_desktop_gnn_pcna_202605_phase2_phase4/data/labels/label_manifest.json,True,False,historical/incompatible or absent,train-1,,,False,True,False,False,False,False,historical_only_unverified,historical_pointer_only,,17,,False,no frozen-checkpoint prediction scores available in active canonical calibration artifacts
6EHT,unknown,results/per_structure/summary_table.csv,False,False,absent,,,,True,False,False,False,True,True,none,historical_pointer_only,,,,False,PCNA/PCNA-family structure; forbidden for independent extraction selection
6EIF,unknown,archive/historical_desktop_gnn_pcna_202605_phase2_phase4/data/labels/label_manifest.json,True,False,historical/incompatible or absent,train-0,,,False,True,False,False,False,False,historical_only_unverified,historical_pointer_only,,8,,False,no frozen-checkpoint prediction scores available in active canonical calibration artifacts
6EQJ,unknown,archive/historical_desktop_gnn_pcna_202605_phase2_phase4/data/labels/label_manifest.json,True,False,historical/incompatible or absent,test,,,False,False,False,True,False,False,historical_only_unverified,historical_pointer_only,,15,,False,no frozen-checkpoint prediction scores available in active canonical calibration artifacts
6ESN,unknown,archive/historical_desktop_gnn_pcna_202605_phase2_phase4/data/labels/label_manifest.json,True,False,historical/incompatible or absent,train-2,,,False,True,False,False,False,False,historical_only_unverified,historical_pointer_only,,30,,False,no frozen-checkpoint prediction scores available in active canonical calibration artifacts
6EZR,unknown,archive/historical_desktop_gnn_pcna_202605_phase2_phase4/data/labels/label_manifest.json,True,False,historical/incompatible or absent,train-2,,,False,True,False,False,False,False,historical_only_unverified,historical_pointer_only,,16,,False,no frozen-checkpoint prediction scores available in active canonical calibration artifacts
6F4M,unknown,archive/historical_desktop_gnn_pcna_202605_phase2_phase4/data/labels/label_manifest.json,True,False,historical/incompatible or absent,train-1,,,False,True,False,False,False,False,historical_only_unverified,historical_pointer_only,,28,,False,no frozen-checkpoint prediction scores available in active canonical calibration artifacts
6F52,unknown,archive/historical_desktop_gnn_pcna_202605_phase2_phase4/data/labels/label_manifest.json,True,False,historical/incompatible or absent,test,,,False,False,False,True,False,False,historical_only_unverified,historical_pointer_only,,15,,False,no frozen-checkpoint prediction scores available in active canonical calibration artifacts
6F56,unknown,archive/historical_desktop_gnn_pcna_202605_phase2_phase4/data/labels/label_manifest.json,True,False,historical/incompatible or absent,train-0,,,False,True,False,False,False,False,historical_only_unverified,historical_pointer_only,,9,,False,no frozen-checkpoint prediction scores available in active canonical calibration artifacts
6FC2,unknown,archive/historical_desktop_gnn_pcna_202605_phase2_phase4/data/labels/label_manifest.json,True,False,historical/incompatible or absent,test,,,False,False,False,True,False,False,historical_only_unverified,historical_pointer_only,,12,,False,no frozen-checkpoint prediction scores available in active canonical calibration artifacts
6FCM,unknown,results/per_structure/summary_table.csv,False,False,absent,,,,True,False,False,False,True,True,none,historical_pointer_only,,,,False,PCNA/PCNA-family structure; forbidden for independent extraction selection
6FCN,unknown,results/per_structure/summary_table.csv,False,False,absent,,,,True,False,False,False,True,True,none,historical_pointer_only,,,,False,PCNA/PCNA-family structure; forbidden for independent extraction selection
6FGJ,unknown,archive/historical_desktop_gnn_pcna_202605_phase2_phase4/data/labels/label_manifest.json,True,False,historical/incompatible or absent,test,,,False,False,False,True,False,False,historical_only_unverified,historical_pointer_only,,17,,False,no frozen-checkpoint prediction scores available in active canonical calibration artifacts
6FP0,unknown,archive/historical_desktop_gnn_pcna_202605_phase2_phase4/data/labels/label_manifest.json,True,False,historical/incompatible or absent,train-1,,,False,True,False,False,False,False,historical_only_unverified,historical_pointer_only,,18,,False,no frozen-checkpoint prediction scores available in active canonical calibration artifacts
6G0S,unknown,archive/historical_desktop_gnn_pcna_202605_phase2_phase4/data/labels/label_manifest.json,True,False,historical/incompatible or absent,train-2,,,False,True,False,False,False,False,historical_only_unverified,historical_pointer_only,,0,,False,no frozen-checkpoint prediction scores available in active canonical calibration artifacts
6G6Y,unknown,archive/historical_desktop_gnn_pcna_202605_phase2_phase4/data/labels/label_manifest.json,True,False,historical/incompatible or absent,test,,,False,False,False,True,False,False,historical_only_unverified,historical_pointer_only,,22,,False,no frozen-checkpoint prediction scores available in active canonical calibration artifacts
6G80,unknown,archive/historical_desktop_gnn_pcna_202605_phase2_phase4/data/labels/label_manifest.json,True,False,historical/incompatible or absent,train-3,,,False,True,False,False,False,False,historical_only_unverified,historical_pointer_only,,31,,False,no frozen-checkpoint prediction scores available in active canonical calibration artifacts
6G9Z,unknown,archive/historical_desktop_gnn_pcna_202605_phase2_phase4/data/labels/label_manifest.json,True,False,historical/incompatible or absent,train-1,,,False,True,False,False,False,False,historical_only_unverified,historical_pointer_only,,6,,False,no frozen-checkpoint prediction scores available in active canonical calibration artifacts
6GIS,unknown,data/raw_intake/pcna_structures/6GIS_poly_entity.json,False,False,absent,,,,True,False,False,False,True,True,none,structure_only,,,,False,PCNA/PCNA-family structure; forbidden for independent extraction selection
6GSO,unknown,archive/historical_desktop_gnn_pcna_202605_phase2_phase4/data/labels/label_manifest.json,True,False,historical/incompatible or absent,train-3,,,False,True,False,False,False,False,historical_only_unverified,historical_pointer_only,,9,,False,no frozen-checkpoint prediction scores available in active canonical calibration artifacts
6GWS,unknown,results/per_structure/summary_table.csv,False,False,absent,,,,True,False,False,False,True,True,none,historical_pointer_only,,,,False,PCNA/PCNA-family structure; forbidden for independent extraction selection
6H1O,unknown,archive/historical_desktop_gnn_pcna_202605_phase2_phase4/data/labels/label_manifest.json,True,False,historical/incompatible or absent,train-0,,,False,True,False,False,False,False,historical_only_unverified,historical_pointer_only,,13,,False,no frozen-checkpoint prediction scores available in active canonical calibration artifacts
6H6K,unknown,archive/historical_desktop_gnn_pcna_202605_phase2_phase4/data/labels/label_manifest.json,True,False,historical/incompatible or absent,train-1,,,False,True,False,False,False,False,historical_only_unverified,historical_pointer_only,,14,,False,no frozen-checkpoint prediction scores available in active canonical calibration artifacts
6HEI,unknown,archive/historical_desktop_gnn_pcna_202605_phase2_phase4/data/labels/label_manifest.json,True,False,historical/incompatible or absent,test,,,False,False,False,True,False,False,historical_only_unverified,historical_pointer_only,,26,,False,no frozen-checkpoint prediction scores available in active canonical calibration artifacts
6HER,unknown,archive/historical_desktop_gnn_pcna_202605_phase2_phase4/data/labels/label_manifest.json,True,False,historical/incompatible or absent,train-2,,,False,True,False,False,False,False,historical_only_unverified,historical_pointer_only,,12,,False,no frozen-checkpoint prediction scores available in active canonical calibration artifacts
6HGD,unknown,archive/historical_desktop_gnn_pcna_202605_phase2_phase4/data/labels/label_manifest.json,True,False,historical/incompatible or absent,train-3,,,False,True,False,False,False,False,historical_only_unverified,historical_pointer_only,,0,,False,no frozen-checkpoint prediction scores available in active canonical calibration artifacts
6HL0,unknown,archive/historical_desktop_gnn_pcna_202605_phase2_phase4/data/labels/label_manifest.json,True,False,historical/incompatible or absent,train-3,,,False,True,False,False,False,False,historical_only_unverified,historical_pointer_only,,62,,False,no frozen-checkpoint prediction scores available in active canonical calibration artifacts
6HR4,unknown,archive/historical_desktop_gnn_pcna_202605_phase2_phase4/data/labels/label_manifest.json,True,False,historical/incompatible or absent,train-2,,,False,True,False,False,False,False,historical_only_unverified,historical_pointer_only,,32,,False,no frozen-checkpoint prediction scores available in active canonical calibration artifacts
6HRV,unknown,archive/historical_desktop_gnn_pcna_202605_phase2_phase4/data/labels/label_manifest.json,True,False,historical/incompatible or absent,train-2,,,False,True,False,False,False,False,historical_only_unverified,historical_pointer_only,,19,,False,no frozen-checkpoint prediction scores available in active canonical calibration artifacts
6HVO,unknown,results/per_structure/summary_table.csv,False,False,absent,,,,True,False,False,False,True,True,none,historical_pointer_only,,,,False,PCNA/PCNA-family structure; forbidden for independent extraction selection
6I1S,unknown,archive/historical_desktop_gnn_pcna_202605_phase2_phase4/data/labels/label_manifest.json,True,False,historical/incompatible or absent,train-0,,,False,True,False,False,False,False,historical_only_unverified,historical_pointer_only,,30,,False,no frozen-checkpoint prediction scores available in active canonical calibration artifacts
6I5G,unknown,archive/historical_desktop_gnn_pcna_202605_phase2_phase4/data/labels/label_manifest.json,True,False,historical/incompatible or absent,train-3,,,False,True,False,False,False,False,historical_only_unverified,historical_pointer_only,,16,,False,no frozen-checkpoint prediction scores available in active canonical calibration artifacts
6IAL,unknown,archive/historical_desktop_gnn_pcna_202605_phase2_phase4/data/labels/label_manifest.json,True,False,historical/incompatible or absent,train-1,,,False,True,False,False,False,False,historical_only_unverified,historical_pointer_only,,0,,False,no frozen-checkpoint prediction scores available in active canonical calibration artifacts
6IH8,unknown,archive/historical_desktop_gnn_pcna_202605_phase2_phase4/data/labels/label_manifest.json,True,False,historical/incompatible or absent,train-2,,,False,True,False,False,False,False,historical_only_unverified,historical_pointer_only,,28,,False,no frozen-checkpoint prediction scores available in active canonical calibration artifacts
6INF,unknown,archive/historical_desktop_gnn_pcna_202605_phase2_phase4/data/labels/label_manifest.json,True,False,historical/incompatible or absent,train-3,,,False,True,False,False,False,False,historical_only_unverified,historical_pointer_only,,15,,False,no frozen-checkpoint prediction scores available in active canonical calibration artifacts
6IRX,unknown,archive/historical_desktop_gnn_pcna_202605_phase2_phase4/data/labels/label_manifest.json,True,False,historical/incompatible or absent,train-3,,,False,True,False,False,False,False,historical_only_unverified,historical_pointer_only,,12,,False,no frozen-checkpoint prediction scores available in active canonical calibration artifacts
6ISU,unknown,archive/historical_desktop_gnn_pcna_202605_phase2_phase4/data/labels/label_manifest.json,True,False,historical/incompatible or absent,test,,,False,False,False,True,False,False,historical_only_unverified,historical_pointer_only,,20,,False,no frozen-checkpoint prediction scores available in active canonical calibration artifacts
6IU0,unknown,archive/historical_desktop_gnn_pcna_202605_phase2_phase4/data/labels/label_manifest.json,True,False,historical/incompatible or absent,train-1,,,False,True,False,False,False,False,historical_only_unverified,historical_pointer_only,,4,,False,no frozen-checkpoint prediction scores available in active canonical calibration artifacts
6IXL,unknown,archive/historical_desktop_gnn_pcna_202605_phase2_phase4/data/labels/label_manifest.json,True,False,historical/incompatible or absent,train-3,,,False,True,False,False,False,False,historical_only_unverified,historical_pointer_only,,0,,False,no frozen-checkpoint prediction scores available in active canonical calibration artifacts
6IZ9,unknown,archive/historical_desktop_gnn_pcna_202605_phase2_phase4/data/labels/label_manifest.json,True,False,historical/incompatible or absent,train-1,,,False,True,False,False,False,False,historical_only_unverified,historical_pointer_only,,0,,False,no frozen-checkpoint prediction scores available in active canonical calibration artifacts
6J10,unknown,archive/historical_desktop_gnn_pcna_202605_phase2_phase4/data/labels/label_manifest.json,True,False,historical/incompatible or absent,train-0,,,False,True,False,False,False,False,historical_only_unverified,historical_pointer_only,,0,,False,no frozen-checkpoint prediction scores available in active canonical calibration artifacts
6J1H,unknown,archive/historical_desktop_gnn_pcna_202605_phase2_phase4/data/labels/label_manifest.json,True,False,historical/incompatible or absent,train-3,,,False,True,False,False,False,False,historical_only_unverified,historical_pointer_only,,30,,False,no frozen-checkpoint prediction scores available in active canonical calibration artifacts
6J35,unknown,archive/historical_desktop_gnn_pcna_202605_phase2_phase4/data/labels/label_manifest.json,True,False,historical/incompatible or absent,train-1,,,False,True,False,False,False,False,historical_only_unverified,historical_pointer_only,,8,,False,no frozen-checkpoint prediction scores available in active canonical calibration artifacts
6JAK,unknown,archive/historical_desktop_gnn_pcna_202605_phase2_phase4/data/labels/label_manifest.json,True,False,historical/incompatible or absent,train-1,,,False,True,False,False,False,False,historical_only_unverified,historical_pointer_only,,22,,False,no frozen-checkpoint prediction scores available in active canonical calibration artifacts
6JHM,unknown,archive/historical_desktop_gnn_pcna_202605_phase2_phase4/data/labels/label_manifest.json,True,False,historical/incompatible or absent,train-1,,,False,True,False,False,False,False,historical_only_unverified,historical_pointer_only,,10,,False,no frozen-checkpoint prediction scores available in active canonical calibration artifacts
6JNJ,unknown,archive/historical_desktop_gnn_pcna_202605_phase2_phase4/data/labels/label_manifest.json,True,False,historical/incompatible or absent,train-2,,,False,True,False,False,False,False,historical_only_unverified,historical_pointer_only,,14,,False,no frozen-checkpoint prediction scores available in active canonical calibration artifacts
6JP2,unknown,archive/historical_desktop_gnn_pcna_202605_phase2_phase4/data/labels/label_manifest.json,True,False,historical/incompatible or absent,train-0,,,False,True,False,False,False,False,historical_only_unverified,historical_pointer_only,,20,,False,no frozen-checkpoint prediction scores available in active canonical calibration artifacts
6JQ9,unknown,archive/historical_desktop_gnn_pcna_202605_phase2_phase4/data/labels/label_manifest.json,True,False,historical/incompatible or absent,test,,,False,False,False,True,False,False,historical_only_unverified,historical_pointer_only,,7,,False,no frozen-checkpoint prediction scores available in active canonical calibration artifacts
6JTI,unknown,archive/historical_desktop_gnn_pcna_202605_phase2_phase4/data/labels/label_manifest.json,True,False,historical/incompatible or absent,train-2,,,False,True,False,False,False,False,historical_only_unverified,historical_pointer_only,,0,,False,no frozen-checkpoint prediction scores available in active canonical calibration artifacts
6K3A,unknown,results/per_structure/summary_table.csv,False,False,absent,,,,True,False,False,False,True,True,none,historical_pointer_only,,,,False,PCNA/PCNA-family structure; forbidden for independent extraction selection
6KQF,unknown,archive/historical_desktop_gnn_pcna_202605_phase2_phase4/data/labels/label_manifest.json,True,False,historical/incompatible or absent,train-2,,,False,True,False,False,False,False,historical_only_unverified,historical_pointer_only,,0,,False,no frozen-checkpoint prediction scores available in active canonical calibration artifacts
6KSC,unknown,archive/historical_desktop_gnn_pcna_202605_phase2_phase4/data/labels/label_manifest.json,True,False,historical/incompatible or absent,test,,,False,False,False,True,False,False,historical_only_unverified,historical_pointer_only,,10,,False,no frozen-checkpoint prediction scores available in active canonical calibration artifacts
6KSU,unknown,archive/historical_desktop_gnn_pcna_202605_phase2_phase4/data/labels/label_manifest.json,True,False,historical/incompatible or absent,train-0,,,False,True,False,False,False,False,historical_only_unverified,historical_pointer_only,,13,,False,no frozen-checkpoint prediction scores available in active canonical calibration artifacts
6KX4,unknown,archive/historical_desktop_gnn_pcna_202605_phase2_phase4/data/labels/label_manifest.json,True,False,historical/incompatible or absent,train-0,,,False,True,False,False,False,False,historical_only_unverified,historical_pointer_only,,20,,False,no frozen-checkpoint prediction scores available in active canonical calibration artifacts
6KYQ,unknown,archive/historical_desktop_gnn_pcna_202605_phase2_phase4/data/labels/label_manifest.json,True,False,historical/incompatible or absent,train-0,,,False,True,False,False,False,False,historical_only_unverified,historical_pointer_only,,22,,False,no frozen-checkpoint prediction scores available in active canonical calibration artifacts
6L1I,unknown,archive/historical_desktop_gnn_pcna_202605_phase2_phase4/data/labels/label_manifest.json,True,False,historical/incompatible or absent,train-3,,,False,True,False,False,False,False,historical_only_unverified,historical_pointer_only,,7,,False,no frozen-checkpoint prediction scores available in active canonical calibration artifacts
6L61,unknown,archive/historical_desktop_gnn_pcna_202605_phase2_phase4/data/labels/label_manifest.json,True,False,historical/incompatible or absent,train-2,,,False,True,False,False,False,False,historical_only_unverified,historical_pointer_only,,25,,False,no frozen-checkpoint prediction scores available in active canonical calibration artifacts
6LGY,unknown,archive/historical_desktop_gnn_pcna_202605_phase2_phase4/data/labels/label_manifest.json,True,False,historical/incompatible or absent,train-0,,,False,True,False,False,False,False,historical_only_unverified,historical_pointer_only,,4,,False,no frozen-checkpoint prediction scores available in active canonical calibration artifacts
6LIO,unknown,archive/historical_desktop_gnn_pcna_202605_phase2_phase4/data/labels/label_manifest.json,True,False,historical/incompatible or absent,train-0,,,False,True,False,False,False,False,historical_only_unverified,historical_pointer_only,,21,,False,no frozen-checkpoint prediction scores available in active canonical calibration artifacts
6LLG,unknown,archive/historical_desktop_gnn_pcna_202605_phase2_phase4/data/labels/label_manifest.json,True,False,historical/incompatible or absent,train-2,,,False,True,False,False,False,False,historical_only_unverified,historical_pointer_only,,18,,False,no frozen-checkpoint prediction scores available in active canonical calibration artifacts
6LTF,unknown,archive/historical_desktop_gnn_pcna_202605_phase2_phase4/data/labels/label_manifest.json,True,False,historical/incompatible or absent,train-1,,,False,True,False,False,False,False,historical_only_unverified,historical_pointer_only,,30,,False,no frozen-checkpoint prediction scores available in active canonical calibration artifacts
6M9A,unknown,archive/historical_desktop_gnn_pcna_202605_phase2_phase4/data/labels/label_manifest.json,True,False,historical/incompatible or absent,train-3,,,False,True,False,False,False,False,historical_only_unverified,historical_pointer_only,,8,,False,no frozen-checkpoint prediction scores available in active canonical calibration artifacts
6MKX,unknown,archive/historical_desktop_gnn_pcna_202605_phase2_phase4/data/labels/label_manifest.json,True,False,historical/incompatible or absent,train-3,,,False,True,False,False,False,False,historical_only_unverified,historical_pointer_only,,16,,False,no frozen-checkpoint prediction scores available in active canonical calibration artifacts
6N5J,unknown,archive/historical_desktop_gnn_pcna_202605_phase2_phase4/data/labels/label_manifest.json,True,False,historical/incompatible or absent,test,,,False,False,False,True,False,False,historical_only_unverified,historical_pointer_only,,21,,False,no frozen-checkpoint prediction scores available in active canonical calibration artifacts
6N95,unknown,archive/historical_desktop_gnn_pcna_202605_phase2_phase4/data/labels/label_manifest.json,True,False,historical/incompatible or absent,train-0,,,False,True,False,False,False,False,historical_only_unverified,historical_pointer_only,,2,,False,no frozen-checkpoint prediction scores available in active canonical calibration artifacts
6NA3,unknown,archive/historical_desktop_gnn_pcna_202605_phase2_phase4/data/labels/label_manifest.json,True,False,historical/incompatible or absent,train-0,,,False,True,False,False,False,False,historical_only_unverified,historical_pointer_only,,0,,False,no frozen-checkpoint prediction scores available in active canonical calibration artifacts
6NEI,unknown,archive/historical_desktop_gnn_pcna_202605_phase2_phase4/data/labels/label_manifest.json,True,False,historical/incompatible or absent,test,,,False,False,False,True,False,False,historical_only_unverified,historical_pointer_only,,23,,False,no frozen-checkpoint prediction scores available in active canonical calibration artifacts
6NFL,unknown,archive/historical_desktop_gnn_pcna_202605_phase2_phase4/data/labels/label_manifest.json,True,False,historical/incompatible or absent,train-3,,,False,True,False,False,False,False,historical_only_unverified,historical_pointer_only,,4,,False,no frozen-checkpoint prediction scores available in active canonical calibration artifacts
6NLB,unknown,archive/historical_desktop_gnn_pcna_202605_phase2_phase4/data/labels/label_manifest.json,True,False,historical/incompatible or absent,train-0,,,False,True,False,False,False,False,historical_only_unverified,historical_pointer_only,,0,,False,no frozen-checkpoint prediction scores available in active canonical calibration artifacts
6NLF,unknown,archive/historical_desktop_gnn_pcna_202605_phase2_phase4/data/labels/label_manifest.json,True,False,historical/incompatible or absent,train-1,,,False,True,False,False,False,False,historical_only_unverified,historical_pointer_only,,0,,False,no frozen-checkpoint prediction scores available in active canonical calibration artifacts
6O4F,unknown,archive/historical_desktop_gnn_pcna_202605_phase2_phase4/data/labels/label_manifest.json,True,False,historical/incompatible or absent,test,,,False,False,False,True,False,False,historical_only_unverified,historical_pointer_only,,11,,False,no frozen-checkpoint prediction scores available in active canonical calibration artifacts
6OAH,unknown,archive/historical_desktop_gnn_pcna_202605_phase2_phase4/data/labels/label_manifest.json,True,False,historical/incompatible or absent,train-2,,,False,True,False,False,False,False,historical_only_unverified,historical_pointer_only,,22,,False,no frozen-checkpoint prediction scores available in active canonical calibration artifacts
6OPB,unknown,archive/historical_desktop_gnn_pcna_202605_phase2_phase4/data/labels/label_manifest.json,True,False,historical/incompatible or absent,train-2,,,False,True,False,False,False,False,historical_only_unverified,historical_pointer_only,,29,,False,no frozen-checkpoint prediction scores available in active canonical calibration artifacts
6OWY,unknown,archive/historical_desktop_gnn_pcna_202605_phase2_phase4/data/labels/label_manifest.json,True,False,historical/incompatible or absent,train-0,,,False,True,False,False,False,False,historical_only_unverified,historical_pointer_only,,4,,False,no frozen-checkpoint prediction scores available in active canonical calibration artifacts
6P5B,unknown,archive/historical_desktop_gnn_pcna_202605_phase2_phase4/data/labels/label_manifest.json,True,False,historical/incompatible or absent,train-3,,,False,True,False,False,False,False,historical_only_unverified,historical_pointer_only,,10,,False,no frozen-checkpoint prediction scores available in active canonical calibration artifacts
6PJ6,unknown,archive/historical_desktop_gnn_pcna_202605_phase2_phase4/data/labels/label_manifest.json,True,False,historical/incompatible or absent,train-0,,,False,True,False,False,False,False,historical_only_unverified,historical_pointer_only,,5,,False,no frozen-checkpoint prediction scores available in active canonical calibration artifacts
6PK5,unknown,archive/historical_desktop_gnn_pcna_202605_phase2_phase4/data/labels/label_manifest.json,True,False,historical/incompatible or absent,train-2,,,False,True,False,False,False,False,historical_only_unverified,historical_pointer_only,,20,,False,no frozen-checkpoint prediction scores available in active canonical calibration artifacts
6PLF,unknown,archive/historical_desktop_gnn_pcna_202605_phase2_phase4/data/labels/label_manifest.json,True,False,historical/incompatible or absent,train-1,,,False,True,False,False,False,False,historical_only_unverified,historical_pointer_only,,5,,False,no frozen-checkpoint prediction scores available in active canonical calibration artifacts
6PNT,unknown,archive/historical_desktop_gnn_pcna_202605_phase2_phase4/data/labels/label_manifest.json,True,False,historical/incompatible or absent,train-1,,,False,True,False,False,False,False,historical_only_unverified,historical_pointer_only,,17,,False,no frozen-checkpoint prediction scores available in active canonical calibration artifacts
6PQZ,unknown,archive/historical_desktop_gnn_pcna_202605_phase2_phase4/data/labels/label_manifest.json,True,False,historical/incompatible or absent,train-3,,,False,True,False,False,False,False,historical_only_unverified,historical_pointer_only,,0,,False,no frozen-checkpoint prediction scores available in active canonical calibration artifacts
6PUV,unknown,archive/historical_desktop_gnn_pcna_202605_phase2_phase4/data/labels/label_manifest.json,True,False,historical/incompatible or absent,train-3,,,False,True,False,False,False,False,historical_only_unverified,historical_pointer_only,,11,,False,no frozen-checkpoint prediction scores available in active canonical calibration artifacts
6PVG,unknown,archive/historical_desktop_gnn_pcna_202605_phase2_phase4/data/labels/label_manifest.json,True,False,historical/incompatible or absent,train-3,,,False,True,False,False,False,False,historical_only_unverified,historical_pointer_only,,30,,False,no frozen-checkpoint prediction scores available in active canonical calibration artifacts
6PXO,unknown,archive/historical_desktop_gnn_pcna_202605_phase2_phase4/data/labels/label_manifest.json,True,False,historical/incompatible or absent,train-2,,,False,True,False,False,False,False,historical_only_unverified,historical_pointer_only,,0,,False,no frozen-checkpoint prediction scores available in active canonical calibration artifacts
6Q6J,unknown,archive/historical_desktop_gnn_pcna_202605_phase2_phase4/data/labels/label_manifest.json,True,False,historical/incompatible or absent,train-3,,,False,True,False,False,False,False,historical_only_unverified,historical_pointer_only,,3,,False,no frozen-checkpoint prediction scores available in active canonical calibration artifacts
6Q7Q,unknown,archive/historical_desktop_gnn_pcna_202605_phase2_phase4/data/labels/label_manifest.json,True,False,historical/incompatible or absent,train-1,,,False,True,False,False,False,False,historical_only_unverified,historical_pointer_only,,9,,False,no frozen-checkpoint prediction scores available in active canonical calibration artifacts
6Q8Z,unknown,archive/historical_desktop_gnn_pcna_202605_phase2_phase4/data/labels/label_manifest.json,True,False,historical/incompatible or absent,train-2,,,False,True,False,False,False,False,historical_only_unverified,historical_pointer_only,,16,,False,no frozen-checkpoint prediction scores available in active canonical calibration artifacts
6QB5,unknown,archive/historical_desktop_gnn_pcna_202605_phase2_phase4/data/labels/label_manifest.json,True,False,historical/incompatible or absent,train-2,,,False,True,False,False,False,False,historical_only_unverified,historical_pointer_only,,4,,False,no frozen-checkpoint prediction scores available in active canonical calibration artifacts
6QC0,unknown,results/per_structure/summary_table.csv,False,False,absent,,,,True,False,False,False,True,True,none,historical_pointer_only,,,,False,PCNA/PCNA-family structure; forbidden for independent extraction selection
6QCG,unknown,results/per_structure/summary_table.csv,False,False,absent,,,,True,False,False,False,True,True,none,historical_pointer_only,,,,False,PCNA/PCNA-family structure; forbidden for independent extraction selection
6QFL,unknown,archive/historical_desktop_gnn_pcna_202605_phase2_phase4/data/labels/label_manifest.json,True,False,historical/incompatible or absent,train-3,,,False,True,False,False,False,False,historical_only_unverified,historical_pointer_only,,54,,False,no frozen-checkpoint prediction scores available in active canonical calibration artifacts
6QLB,unknown,archive/historical_desktop_gnn_pcna_202605_phase2_phase4/data/labels/label_manifest.json,True,False,historical/incompatible or absent,train-0,,,False,True,False,False,False,False,historical_only_unverified,historical_pointer_only,,10,,False,no frozen-checkpoint prediction scores available in active canonical calibration artifacts
6QPE,unknown,archive/historical_desktop_gnn_pcna_202605_phase2_phase4/data/labels/label_manifest.json,True,False,historical/incompatible or absent,train-3,,,False,True,False,False,False,False,historical_only_unverified,historical_pointer_only,,21,,False,no frozen-checkpoint prediction scores available in active canonical calibration artifacts
6RO0,unknown,archive/historical_desktop_gnn_pcna_202605_phase2_phase4/data/labels/label_manifest.json,True,False,historical/incompatible or absent,train-3,,,False,True,False,False,False,False,historical_only_unverified,historical_pointer_only,,24,,False,no frozen-checkpoint prediction scores available in active canonical calibration artifacts
6RWD,unknown,archive/historical_desktop_gnn_pcna_202605_phase2_phase4/data/labels/label_manifest.json,True,False,historical/incompatible or absent,train-3,,,False,True,False,False,False,False,historical_only_unverified,historical_pointer_only,,3,,False,no frozen-checkpoint prediction scores available in active canonical calibration artifacts
6RXD,unknown,archive/historical_desktop_gnn_pcna_202605_phase2_phase4/data/labels/label_manifest.json,True,False,historical/incompatible or absent,train-2,,,False,True,False,False,False,False,historical_only_unverified,historical_pointer_only,,21,,False,no frozen-checkpoint prediction scores available in active canonical calibration artifacts
6S3P,unknown,archive/historical_desktop_gnn_pcna_202605_phase2_phase4/data/labels/label_manifest.json,True,False,historical/incompatible or absent,train-0,,,False,True,False,False,False,False,historical_only_unverified,historical_pointer_only,,25,,False,no frozen-checkpoint prediction scores available in active canonical calibration artifacts
6SLK,unknown,archive/historical_desktop_gnn_pcna_202605_phase2_phase4/data/labels/label_manifest.json,True,False,historical/incompatible or absent,train-1,,,False,True,False,False,False,False,historical_only_unverified,historical_pointer_only,,18,,False,no frozen-checkpoint prediction scores available in active canonical calibration artifacts
6SPO,unknown,archive/historical_desktop_gnn_pcna_202605_phase2_phase4/data/labels/label_manifest.json,True,False,historical/incompatible or absent,train-2,,,False,True,False,False,False,False,historical_only_unverified,historical_pointer_only,,13,,False,no frozen-checkpoint prediction scores available in active canonical calibration artifacts
6SUI,unknown,archive/historical_desktop_gnn_pcna_202605_phase2_phase4/data/labels/label_manifest.json,True,False,historical/incompatible or absent,train-2,,,False,True,False,False,False,False,historical_only_unverified,historical_pointer_only,,22,,False,no frozen-checkpoint prediction scores available in active canonical calibration artifacts
6SYH,unknown,archive/historical_desktop_gnn_pcna_202605_phase2_phase4/data/labels/label_manifest.json,True,False,historical/incompatible or absent,test,,,False,False,False,True,False,False,historical_only_unverified,historical_pointer_only,,0,,False,no frozen-checkpoint prediction scores available in active canonical calibration artifacts
6SZ4,unknown,archive/historical_desktop_gnn_pcna_202605_phase2_phase4/data/labels/label_manifest.json,True,False,historical/incompatible or absent,train-1,,,False,True,False,False,False,False,historical_only_unverified,historical_pointer_only,,8,,False,no frozen-checkpoint prediction scores available in active canonical calibration artifacts
6TBT,unknown,archive/historical_desktop_gnn_pcna_202605_phase2_phase4/data/labels/label_manifest.json,True,False,historical/incompatible or absent,train-2,,,False,True,False,False,False,False,historical_only_unverified,historical_pointer_only,,4,,False,no frozen-checkpoint prediction scores available in active canonical calibration artifacts
6TN3,unknown,archive/historical_desktop_gnn_pcna_202605_phase2_phase4/data/labels/label_manifest.json,True,False,historical/incompatible or absent,train-2,,,False,True,False,False,False,False,historical_only_unverified,historical_pointer_only,,35,,False,no frozen-checkpoint prediction scores available in active canonical calibration artifacts
6TWO,unknown,archive/historical_desktop_gnn_pcna_202605_phase2_phase4/data/labels/label_manifest.json,True,False,historical/incompatible or absent,train-3,,,False,True,False,False,False,False,historical_only_unverified,historical_pointer_only,,7,,False,no frozen-checkpoint prediction scores available in active canonical calibration artifacts
6TX0,unknown,archive/historical_desktop_gnn_pcna_202605_phase2_phase4/data/labels/label_manifest.json,True,False,historical/incompatible or absent,test,,,False,False,False,True,False,False,historical_only_unverified,historical_pointer_only,,4,,False,no frozen-checkpoint prediction scores available in active canonical calibration artifacts
6TYO,unknown,archive/historical_desktop_gnn_pcna_202605_phase2_phase4/data/labels/label_manifest.json,True,False,historical/incompatible or absent,train-2,,,False,True,False,False,False,False,historical_only_unverified,historical_pointer_only,,12,,False,no frozen-checkpoint prediction scores available in active canonical calibration artifacts
6U9C,unknown,archive/historical_desktop_gnn_pcna_202605_phase2_phase4/data/labels/label_manifest.json,True,False,historical/incompatible or absent,train-0,,,False,True,False,False,False,False,historical_only_unverified,historical_pointer_only,,8,,False,no frozen-checkpoint prediction scores available in active canonical calibration artifacts
6UG5,unknown,archive/historical_desktop_gnn_pcna_202605_phase2_phase4/data/labels/label_manifest.json,True,False,historical/incompatible or absent,train-2,,,False,True,False,False,False,False,historical_only_unverified,historical_pointer_only,,0,,False,no frozen-checkpoint prediction scores available in active canonical calibration artifacts
6UP2,unknown,archive/historical_desktop_gnn_pcna_202605_phase2_phase4/data/labels/label_manifest.json,True,False,historical/incompatible or absent,train-1,,,False,True,False,False,False,False,historical_only_unverified,historical_pointer_only,,17,,False,no frozen-checkpoint prediction scores available in active canonical calibration artifacts
6UR2,unknown,archive/historical_desktop_gnn_pcna_202605_phase2_phase4/data/labels/label_manifest.json,True,False,historical/incompatible or absent,train-0,,,False,True,False,False,False,False,historical_only_unverified,historical_pointer_only,,19,,False,no frozen-checkpoint prediction scores available in active canonical calibration artifacts
6UW3,unknown,archive/historical_desktop_gnn_pcna_202605_phase2_phase4/data/labels/label_manifest.json,True,False,historical/incompatible or absent,train-0,,,False,True,False,False,False,False,historical_only_unverified,historical_pointer_only,,18,,False,no frozen-checkpoint prediction scores available in active canonical calibration artifacts
6V8L,unknown,archive/historical_desktop_gnn_pcna_202605_phase2_phase4/data/labels/label_manifest.json,True,False,historical/incompatible or absent,train-2,,,False,True,False,False,False,False,historical_only_unverified,historical_pointer_only,,0,,False,no frozen-checkpoint prediction scores available in active canonical calibration artifacts
6VLE,unknown,archive/historical_desktop_gnn_pcna_202605_phase2_phase4/data/labels/label_manifest.json,True,False,historical/incompatible or absent,test,,,False,False,False,True,False,False,historical_only_unverified,historical_pointer_only,,19,,False,no frozen-checkpoint prediction scores available in active canonical calibration artifacts
6VTG,unknown,archive/historical_desktop_gnn_pcna_202605_phase2_phase4/data/labels/label_manifest.json,True,False,historical/incompatible or absent,train-1,,,False,True,False,False,False,False,historical_only_unverified,historical_pointer_only,,23,,False,no frozen-checkpoint prediction scores available in active canonical calibration artifacts
6VVO,unknown,results/per_structure/summary_table.csv,False,False,absent,,,,True,False,False,False,True,True,none,historical_pointer_only,,,,False,PCNA/PCNA-family structure; forbidden for independent extraction selection
6W10,unknown,archive/historical_desktop_gnn_pcna_202605_phase2_phase4/data/labels/label_manifest.json,True,False,historical/incompatible or absent,test,,,False,False,False,True,False,False,historical_only_unverified,historical_pointer_only,,13,,False,no frozen-checkpoint prediction scores available in active canonical calibration artifacts
6W3C,unknown,archive/historical_desktop_gnn_pcna_202605_phase2_phase4/data/labels/label_manifest.json,True,False,historical/incompatible or absent,train-3,,,False,True,False,False,False,False,historical_only_unverified,historical_pointer_only,,28,,False,no frozen-checkpoint prediction scores available in active canonical calibration artifacts
6X41,unknown,archive/historical_desktop_gnn_pcna_202605_phase2_phase4/data/labels/label_manifest.json,True,False,historical/incompatible or absent,train-2,,,False,True,False,False,False,False,historical_only_unverified,historical_pointer_only,,16,,False,no frozen-checkpoint prediction scores available in active canonical calibration artifacts
6X84,unknown,archive/historical_desktop_gnn_pcna_202605_phase2_phase4/data/labels/label_manifest.json,True,False,historical/incompatible or absent,train-0,,,False,True,False,False,False,False,historical_only_unverified,historical_pointer_only,,14,,False,no frozen-checkpoint prediction scores available in active canonical calibration artifacts
6XL4,unknown,archive/historical_desktop_gnn_pcna_202605_phase2_phase4/data/labels/label_manifest.json,True,False,historical/incompatible or absent,train-2,,,False,True,False,False,False,False,historical_only_unverified,historical_pointer_only,,58,,False,no frozen-checkpoint prediction scores available in active canonical calibration artifacts
6XQX,unknown,archive/historical_desktop_gnn_pcna_202605_phase2_phase4/data/labels/label_manifest.json,True,False,historical/incompatible or absent,train-2,,,False,True,False,False,False,False,historical_only_unverified,historical_pointer_only,,27,,False,no frozen-checkpoint prediction scores available in active canonical calibration artifacts
6XUE,unknown,archive/historical_desktop_gnn_pcna_202605_phase2_phase4/data/labels/label_manifest.json,True,False,historical/incompatible or absent,train-0,,,False,True,False,False,False,False,historical_only_unverified,historical_pointer_only,,8,,False,no frozen-checkpoint prediction scores available in active canonical calibration artifacts
6XXH,unknown,archive/historical_desktop_gnn_pcna_202605_phase2_phase4/data/labels/label_manifest.json,True,False,historical/incompatible or absent,train-3,,,False,True,False,False,False,False,historical_only_unverified,historical_pointer_only,,0,,False,no frozen-checkpoint prediction scores available in active canonical calibration artifacts
6YDK,unknown,archive/historical_desktop_gnn_pcna_202605_phase2_phase4/data/labels/label_manifest.json,True,False,historical/incompatible or absent,train-1,,,False,True,False,False,False,False,historical_only_unverified,historical_pointer_only,,16,,False,no frozen-checkpoint prediction scores available in active canonical calibration artifacts
6Z2H,unknown,archive/historical_desktop_gnn_pcna_202605_phase2_phase4/data/labels/label_manifest.json,True,False,historical/incompatible or absent,train-1,,,False,True,False,False,False,False,historical_only_unverified,historical_pointer_only,,0,,False,no frozen-checkpoint prediction scores available in active canonical calibration artifacts
6Z6Z,unknown,archive/historical_desktop_gnn_pcna_202605_phase2_phase4/data/labels/label_manifest.json,True,False,historical/incompatible or absent,train-1,,,False,True,False,False,False,False,historical_only_unverified,historical_pointer_only,,24,,False,no frozen-checkpoint prediction scores available in active canonical calibration artifacts
6Z89,unknown,archive/historical_desktop_gnn_pcna_202605_phase2_phase4/data/labels/label_manifest.json,True,False,historical/incompatible or absent,train-0,,,False,True,False,False,False,False,historical_only_unverified,historical_pointer_only,,0,,False,no frozen-checkpoint prediction scores available in active canonical calibration artifacts
6ZDC,unknown,archive/historical_desktop_gnn_pcna_202605_phase2_phase4/data/labels/label_manifest.json,True,False,historical/incompatible or absent,train-3,,,False,True,False,False,False,False,historical_only_unverified,historical_pointer_only,,12,,False,no frozen-checkpoint prediction scores available in active canonical calibration artifacts
7AA2,unknown,archive/historical_desktop_gnn_pcna_202605_phase2_phase4/data/labels/label_manifest.json,True,False,historical/incompatible or absent,train-2,,,False,True,False,False,False,False,historical_only_unverified,historical_pointer_only,,5,,False,no frozen-checkpoint prediction scores available in active canonical calibration artifacts
7ALF,unknown,archive/historical_desktop_gnn_pcna_202605_phase2_phase4/data/labels/label_manifest.json,True,False,historical/incompatible or absent,train-2,,,False,True,False,False,False,False,historical_only_unverified,historical_pointer_only,,5,,False,no frozen-checkpoint prediction scores available in active canonical calibration artifacts
7AQB,unknown,archive/historical_desktop_gnn_pcna_202605_phase2_phase4/data/labels/label_manifest.json,True,False,historical/incompatible or absent,train-2,,,False,True,False,False,False,False,historical_only_unverified,historical_pointer_only,,16,,False,no frozen-checkpoint prediction scores available in active canonical calibration artifacts
7AUT,unknown,archive/historical_desktop_gnn_pcna_202605_phase2_phase4/data/labels/label_manifest.json,True,False,historical/incompatible or absent,train-0,,,False,True,False,False,False,False,historical_only_unverified,historical_pointer_only,,8,,False,no frozen-checkpoint prediction scores available in active canonical calibration artifacts
7AV9,unknown,archive/historical_desktop_gnn_pcna_202605_phase2_phase4/data/labels/label_manifest.json,True,False,historical/incompatible or absent,train-1,,,False,True,False,False,False,False,historical_only_unverified,historical_pointer_only,,6,,False,no frozen-checkpoint prediction scores available in active canonical calibration artifacts
7B6Q,unknown,archive/historical_desktop_gnn_pcna_202605_phase2_phase4/data/labels/label_manifest.json,True,False,historical/incompatible or absent,train-0,,,False,True,False,False,False,False,historical_only_unverified,historical_pointer_only,,8,,False,no frozen-checkpoint prediction scores available in active canonical calibration artifacts
7BHJ,unknown,archive/historical_desktop_gnn_pcna_202605_phase2_phase4/data/labels/label_manifest.json,True,False,historical/incompatible or absent,train-1,,,False,True,False,False,False,False,historical_only_unverified,historical_pointer_only,,6,,False,no frozen-checkpoint prediction scores available in active canonical calibration artifacts
7BN2,unknown,archive/historical_desktop_gnn_pcna_202605_phase2_phase4/data/labels/label_manifest.json,True,False,historical/incompatible or absent,train-1,,,False,True,False,False,False,False,historical_only_unverified,historical_pointer_only,,12,,False,no frozen-checkpoint prediction scores available in active canonical calibration artifacts
7BP1,unknown,archive/historical_desktop_gnn_pcna_202605_phase2_phase4/data/labels/label_manifest.json,True,False,historical/incompatible or absent,train-0,,,False,True,False,False,False,False,historical_only_unverified,historical_pointer_only,,12,,False,no frozen-checkpoint prediction scores available in active canonical calibration artifacts
7BT9,unknown,archive/historical_desktop_gnn_pcna_202605_phase2_phase4/data/labels/label_manifest.json,True,False,historical/incompatible or absent,train-1,,,False,True,False,False,False,False,historical_only_unverified,historical_pointer_only,,0,,False,no frozen-checkpoint prediction scores available in active canonical calibration artifacts
7BTC,unknown,archive/historical_desktop_gnn_pcna_202605_phase2_phase4/data/labels/label_manifest.json,True,False,historical/incompatible or absent,train-0,,,False,True,False,False,False,False,historical_only_unverified,historical_pointer_only,,13,,False,no frozen-checkpoint prediction scores available in active canonical calibration artifacts
7C1U,unknown,archive/historical_desktop_gnn_pcna_202605_phase2_phase4/data/labels/label_manifest.json,True,False,historical/incompatible or absent,train-3,,,False,True,False,False,False,False,historical_only_unverified,historical_pointer_only,,32,,False,no frozen-checkpoint prediction scores available in active canonical calibration artifacts
7C48,unknown,archive/historical_desktop_gnn_pcna_202605_phase2_phase4/data/labels/label_manifest.json,True,False,historical/incompatible or absent,test,,,False,False,False,True,False,False,historical_only_unverified,historical_pointer_only,,23,,False,no frozen-checkpoint prediction scores available in active canonical calibration artifacts
7C63,unknown,archive/historical_desktop_gnn_pcna_202605_phase2_phase4/data/labels/label_manifest.json,True,False,historical/incompatible or absent,test,,,False,False,False,True,False,False,historical_only_unverified,historical_pointer_only,,14,,False,no frozen-checkpoint prediction scores available in active canonical calibration artifacts
7CEH,unknown,archive/historical_desktop_gnn_pcna_202605_phase2_phase4/data/labels/label_manifest.json,True,False,historical/incompatible or absent,train-2,,,False,True,False,False,False,False,historical_only_unverified,historical_pointer_only,,10,,False,no frozen-checkpoint prediction scores available in active canonical calibration artifacts
7CIF,unknown,archive/historical_desktop_gnn_pcna_202605_phase2_phase4/data/labels/label_manifest.json,True,False,historical/incompatible or absent,train-2,,,False,True,False,False,False,False,historical_only_unverified,historical_pointer_only,,0,,False,no frozen-checkpoint prediction scores available in active canonical calibration artifacts
7CIU,unknown,archive/historical_desktop_gnn_pcna_202605_phase2_phase4/data/labels/label_manifest.json,True,False,historical/incompatible or absent,train-0,,,False,True,False,False,False,False,historical_only_unverified,historical_pointer_only,,28,,False,no frozen-checkpoint prediction scores available in active canonical calibration artifacts
7CLU,unknown,archive/historical_desktop_gnn_pcna_202605_phase2_phase4/data/labels/label_manifest.json,True,False,historical/incompatible or absent,train-1,,,False,True,False,False,False,False,historical_only_unverified,historical_pointer_only,,30,,False,no frozen-checkpoint prediction scores available in active canonical calibration artifacts
7CRM,unknown,archive/historical_desktop_gnn_pcna_202605_phase2_phase4/data/labels/label_manifest.json,True,False,historical/incompatible or absent,train-3,,,False,True,False,False,False,False,historical_only_unverified,historical_pointer_only,,19,,False,no frozen-checkpoint prediction scores available in active canonical calibration artifacts
7CTD,unknown,archive/historical_desktop_gnn_pcna_202605_phase2_phase4/data/labels/label_manifest.json,True,False,historical/incompatible or absent,train-2,,,False,True,False,False,False,False,historical_only_unverified,historical_pointer_only,,43,,False,no frozen-checkpoint prediction scores available in active canonical calibration artifacts
7CYR,unknown,archive/historical_desktop_gnn_pcna_202605_phase2_phase4/data/labels/label_manifest.json,True,False,historical/incompatible or absent,train-2,,,False,True,False,False,False,False,historical_only_unverified,historical_pointer_only,,18,,False,no frozen-checkpoint prediction scores available in active canonical calibration artifacts
7D48,unknown,archive/historical_desktop_gnn_pcna_202605_phase2_phase4/data/labels/label_manifest.json,True,False,historical/incompatible or absent,train-2,,,False,True,False,False,False,False,historical_only_unverified,historical_pointer_only,,20,,False,no frozen-checkpoint prediction scores available in active canonical calibration artifacts
7DE1,unknown,archive/historical_desktop_gnn_pcna_202605_phase2_phase4/data/labels/label_manifest.json,True,False,historical/incompatible or absent,test,,,False,False,False,True,False,False,historical_only_unverified,historical_pointer_only,,8,,False,no frozen-checkpoint prediction scores available in active canonical calibration artifacts
7DJN,unknown,archive/historical_desktop_gnn_pcna_202605_phase2_phase4/data/labels/label_manifest.json,True,False,historical/incompatible or absent,train-1,,,False,True,False,False,False,False,historical_only_unverified,historical_pointer_only,,76,,False,no frozen-checkpoint prediction scores available in active canonical calibration artifacts
7DL7,unknown,archive/historical_desktop_gnn_pcna_202605_phase2_phase4/data/labels/label_manifest.json,True,False,historical/incompatible or absent,train-0,,,False,True,False,False,False,False,historical_only_unverified,historical_pointer_only,,0,,False,no frozen-checkpoint prediction scores available in active canonical calibration artifacts
7E44,unknown,archive/historical_desktop_gnn_pcna_202605_phase2_phase4/data/labels/label_manifest.json,True,False,historical/incompatible or absent,train-1,,,False,True,False,False,False,False,historical_only_unverified,historical_pointer_only,,0,,False,no frozen-checkpoint prediction scores available in active canonical calibration artifacts
7E5Q,unknown,archive/historical_desktop_gnn_pcna_202605_phase2_phase4/data/labels/label_manifest.json,True,False,historical/incompatible or absent,test,,,False,False,False,True,False,False,historical_only_unverified,historical_pointer_only,,6,,False,no frozen-checkpoint prediction scores available in active canonical calibration artifacts
7EC1,unknown,archive/historical_desktop_gnn_pcna_202605_phase2_phase4/data/labels/label_manifest.json,True,False,historical/incompatible or absent,train-3,,,False,True,False,False,False,False,historical_only_unverified,historical_pointer_only,,18,,False,no frozen-checkpoint prediction scores available in active canonical calibration artifacts
7EFA,unknown,results/per_structure/summary_table.csv,False,False,absent,,,,True,False,False,False,True,True,none,historical_pointer_only,,,,False,PCNA/PCNA-family structure; forbidden for independent extraction selection
7EGU,unknown,archive/historical_desktop_gnn_pcna_202605_phase2_phase4/data/labels/label_manifest.json,True,False,historical/incompatible or absent,train-2,,,False,True,False,False,False,False,historical_only_unverified,historical_pointer_only,,34,,False,no frozen-checkpoint prediction scores available in active canonical calibration artifacts
7EJW,unknown,archive/historical_desktop_gnn_pcna_202605_phase2_phase4/data/labels/label_manifest.json,True,False,historical/incompatible or absent,train-2,,,False,True,False,False,False,False,historical_only_unverified,historical_pointer_only,,19,,False,no frozen-checkpoint prediction scores available in active canonical calibration artifacts
7EL8,unknown,archive/historical_desktop_gnn_pcna_202605_phase2_phase4/data/labels/label_manifest.json,True,False,historical/incompatible or absent,train-3,,,False,True,False,False,False,False,historical_only_unverified,historical_pointer_only,,23,,False,no frozen-checkpoint prediction scores available in active canonical calibration artifacts
7EP1,unknown,archive/historical_desktop_gnn_pcna_202605_phase2_phase4/data/labels/label_manifest.json,True,False,historical/incompatible or absent,train-2,,,False,True,False,False,False,False,historical_only_unverified,historical_pointer_only,,0,,False,no frozen-checkpoint prediction scores available in active canonical calibration artifacts
7ERY,unknown,archive/historical_desktop_gnn_pcna_202605_phase2_phase4/data/labels/label_manifest.json,True,False,historical/incompatible or absent,train-2,,,False,True,False,False,False,False,historical_only_unverified,historical_pointer_only,,37,,False,no frozen-checkpoint prediction scores available in active canonical calibration artifacts
7ETX,unknown,archive/historical_desktop_gnn_pcna_202605_phase2_phase4/data/labels/label_manifest.json,True,False,historical/incompatible or absent,train-3,,,False,True,False,False,False,False,historical_only_unverified,historical_pointer_only,,22,,False,no frozen-checkpoint prediction scores available in active canonical calibration artifacts
7F0O,unknown,archive/historical_desktop_gnn_pcna_202605_phase2_phase4/data/labels/label_manifest.json,True,False,historical/incompatible or absent,train-1,,,False,True,False,False,False,False,historical_only_unverified,historical_pointer_only,,19,,False,no frozen-checkpoint prediction scores available in active canonical calibration artifacts
7F2M,unknown,archive/historical_desktop_gnn_pcna_202605_phase2_phase4/data/labels/label_manifest.json,True,False,historical/incompatible or absent,test,,,False,False,False,True,False,False,historical_only_unverified,historical_pointer_only,,7,,False,no frozen-checkpoint prediction scores available in active canonical calibration artifacts
7F4Y,unknown,archive/historical_desktop_gnn_pcna_202605_phase2_phase4/data/labels/label_manifest.json,True,False,historical/incompatible or absent,test,,,False,False,False,True,False,False,historical_only_unverified,historical_pointer_only,,17,,False,no frozen-checkpoint prediction scores available in active canonical calibration artifacts
7FT3,unknown,archive/historical_desktop_gnn_pcna_202605_phase2_phase4/data/labels/label_manifest.json,True,False,historical/incompatible or absent,train-1,,,False,True,False,False,False,False,historical_only_unverified,historical_pointer_only,,20,,False,no frozen-checkpoint prediction scores available in active canonical calibration artifacts
7G8E,unknown,archive/historical_desktop_gnn_pcna_202605_phase2_phase4/data/labels/label_manifest.json,True,False,historical/incompatible or absent,train-3,,,False,True,False,False,False,False,historical_only_unverified,historical_pointer_only,,5,,False,no frozen-checkpoint prediction scores available in active canonical calibration artifacts
7GOS,unknown,archive/historical_desktop_gnn_pcna_202605_phase2_phase4/data/labels/label_manifest.json,True,False,historical/incompatible or absent,train-1,,,False,True,False,False,False,False,historical_only_unverified,historical_pointer_only,,23,,False,no frozen-checkpoint prediction scores available in active canonical calibration artifacts
7JHK,unknown,archive/historical_desktop_gnn_pcna_202605_phase2_phase4/data/labels/label_manifest.json,True,False,historical/incompatible or absent,train-0,,,False,True,False,False,False,False,historical_only_unverified,historical_pointer_only,,11,,False,no frozen-checkpoint prediction scores available in active canonical calibration artifacts
7JPI,unknown,archive/historical_desktop_gnn_pcna_202605_phase2_phase4/data/labels/label_manifest.json,True,False,historical/incompatible or absent,train-0,,,False,True,False,False,False,False,historical_only_unverified,historical_pointer_only,,0,,False,no frozen-checkpoint prediction scores available in active canonical calibration artifacts
7JRB,unknown,archive/historical_desktop_gnn_pcna_202605_phase2_phase4/data/labels/label_manifest.json,True,False,historical/incompatible or absent,train-1,,,False,True,False,False,False,False,historical_only_unverified,historical_pointer_only,,20,,False,no frozen-checkpoint prediction scores available in active canonical calibration artifacts
7JS3,unknown,archive/historical_desktop_gnn_pcna_202605_phase2_phase4/data/labels/label_manifest.json,True,False,historical/incompatible or absent,train-0,,,False,True,False,False,False,False,historical_only_unverified,historical_pointer_only,,13,,False,no frozen-checkpoint prediction scores available in active canonical calibration artifacts
7K4W,unknown,archive/historical_desktop_gnn_pcna_202605_phase2_phase4/data/labels/label_manifest.json,True,False,historical/incompatible or absent,train-2,,,False,True,False,False,False,False,historical_only_unverified,historical_pointer_only,,17,,False,no frozen-checkpoint prediction scores available in active canonical calibration artifacts
7KAY,unknown,archive/historical_desktop_gnn_pcna_202605_phase2_phase4/data/labels/label_manifest.json,True,False,historical/incompatible or absent,test,,,False,False,False,True,False,False,historical_only_unverified,historical_pointer_only,,36,,False,no frozen-checkpoint prediction scores available in active canonical calibration artifacts
7KND,unknown,archive/historical_desktop_gnn_pcna_202605_phase2_phase4/data/labels/label_manifest.json,True,False,historical/incompatible or absent,train-1,,,False,True,False,False,False,False,historical_only_unverified,historical_pointer_only,,5,,False,no frozen-checkpoint prediction scores available in active canonical calibration artifacts
7KQ0,unknown,results/per_structure/summary_table.csv,False,False,absent,,,,True,False,False,False,True,True,none,historical_pointer_only,,,,False,PCNA/PCNA-family structure; forbidden for independent extraction selection
7KQL,unknown,archive/historical_desktop_gnn_pcna_202605_phase2_phase4/data/labels/label_manifest.json,True,False,historical/incompatible or absent,train-2,,,False,True,False,False,False,False,historical_only_unverified,historical_pointer_only,,14,,False,no frozen-checkpoint prediction scores available in active canonical calibration artifacts
7KX1,unknown,archive/historical_desktop_gnn_pcna_202605_phase2_phase4/data/labels/label_manifest.json,True,False,historical/incompatible or absent,train-2,,,False,True,False,False,False,False,historical_only_unverified,historical_pointer_only,,0,,False,no frozen-checkpoint prediction scores available in active canonical calibration artifacts
7L1Z,unknown,archive/historical_desktop_gnn_pcna_202605_phase2_phase4/data/labels/label_manifest.json,True,False,historical/incompatible or absent,train-0,,,False,True,False,False,False,False,historical_only_unverified,historical_pointer_only,,12,,False,no frozen-checkpoint prediction scores available in active canonical calibration artifacts
7L5L,unknown,archive/historical_desktop_gnn_pcna_202605_phase2_phase4/data/labels/label_manifest.json,True,False,historical/incompatible or absent,train-0,,,False,True,False,False,False,False,historical_only_unverified,historical_pointer_only,,20,,False,no frozen-checkpoint prediction scores available in active canonical calibration artifacts
7L8Q,unknown,archive/historical_desktop_gnn_pcna_202605_phase2_phase4/data/labels/label_manifest.json,True,False,historical/incompatible or absent,train-0,,,False,True,False,False,False,False,historical_only_unverified,historical_pointer_only,,6,,False,no frozen-checkpoint prediction scores available in active canonical calibration artifacts
7LPU,unknown,archive/historical_desktop_gnn_pcna_202605_phase2_phase4/data/labels/label_manifest.json,True,False,historical/incompatible or absent,train-2,,,False,True,False,False,False,False,historical_only_unverified,historical_pointer_only,,7,,False,no frozen-checkpoint prediction scores available in active canonical calibration artifacts
7M2G,unknown,archive/historical_desktop_gnn_pcna_202605_phase2_phase4/data/labels/label_manifest.json,True,False,historical/incompatible or absent,train-3,,,False,True,False,False,False,False,historical_only_unverified,historical_pointer_only,,28,,False,no frozen-checkpoint prediction scores available in active canonical calibration artifacts
7M5L,unknown,results/per_structure/summary_table.csv,False,False,absent,,,,True,False,False,False,True,True,none,historical_pointer_only,,,,False,PCNA/PCNA-family structure; forbidden for independent extraction selection
7M5N,unknown,results/per_structure/summary_table.csv,False,False,absent,,,,True,False,False,False,True,True,none,historical_pointer_only,,,,False,PCNA/PCNA-family structure; forbidden for independent extraction selection
7MBK,unknown,archive/historical_desktop_gnn_pcna_202605_phase2_phase4/data/labels/label_manifest.json,True,False,historical/incompatible or absent,train-2,,,False,True,False,False,False,False,historical_only_unverified,historical_pointer_only,,0,,False,no frozen-checkpoint prediction scores available in active canonical calibration artifacts
7MOI,unknown,archive/historical_desktop_gnn_pcna_202605_phase2_phase4/data/labels/label_manifest.json,True,False,historical/incompatible or absent,train-1,,,False,True,False,False,False,False,historical_only_unverified,historical_pointer_only,,6,,False,no frozen-checkpoint prediction scores available in active canonical calibration artifacts
7N6Z,unknown,archive/historical_desktop_gnn_pcna_202605_phase2_phase4/data/labels/label_manifest.json,True,False,historical/incompatible or absent,train-0,,,False,True,False,False,False,False,historical_only_unverified,historical_pointer_only,,18,,False,no frozen-checkpoint prediction scores available in active canonical calibration artifacts
7NBC,unknown,archive/historical_desktop_gnn_pcna_202605_phase2_phase4/data/labels/label_manifest.json,True,False,historical/incompatible or absent,test,,,False,False,False,True,False,False,historical_only_unverified,historical_pointer_only,,0,,False,no frozen-checkpoint prediction scores available in active canonical calibration artifacts
7NBZ,unknown,archive/historical_desktop_gnn_pcna_202605_phase2_phase4/data/labels/label_manifest.json,True,False,historical/incompatible or absent,train-0,,,False,True,False,False,False,False,historical_only_unverified,historical_pointer_only,,26,,False,no frozen-checkpoint prediction scores available in active canonical calibration artifacts
7NC8,unknown,archive/historical_desktop_gnn_pcna_202605_phase2_phase4/data/labels/label_manifest.json,True,False,historical/incompatible or absent,test,,,False,False,False,True,False,False,historical_only_unverified,historical_pointer_only,,11,,False,no frozen-checkpoint prediction scores available in active canonical calibration artifacts
7NDL,unknown,archive/historical_desktop_gnn_pcna_202605_phase2_phase4/data/labels/label_manifest.json,True,False,historical/incompatible or absent,test,,,False,False,False,True,False,False,historical_only_unverified,historical_pointer_only,,19,,False,no frozen-checkpoint prediction scores available in active canonical calibration artifacts
7NLX,unknown,archive/historical_desktop_gnn_pcna_202605_phase2_phase4/data/labels/label_manifest.json,True,False,historical/incompatible or absent,test,,,False,False,False,True,False,False,historical_only_unverified,historical_pointer_only,,15,,False,no frozen-checkpoint prediction scores available in active canonical calibration artifacts
7NP0,unknown,archive/historical_desktop_gnn_pcna_202605_phase2_phase4/data/labels/label_manifest.json,True,False,historical/incompatible or absent,test,,,False,False,False,True,False,False,historical_only_unverified,historical_pointer_only,,0,,False,no frozen-checkpoint prediction scores available in active canonical calibration artifacts
7NTE,unknown,archive/historical_desktop_gnn_pcna_202605_phase2_phase4/data/labels/label_manifest.json,True,False,historical/incompatible or absent,train-2,,,False,True,False,False,False,False,historical_only_unverified,historical_pointer_only,,18,,False,no frozen-checkpoint prediction scores available in active canonical calibration artifacts
7NV0,unknown,results/per_structure/summary_table.csv,False,False,absent,,,,True,False,False,False,True,True,none,historical_pointer_only,,,,False,PCNA/PCNA-family structure; forbidden for independent extraction selection
7O1I,unknown,archive/historical_desktop_gnn_pcna_202605_phase2_phase4/data/labels/label_manifest.json,True,False,historical/incompatible or absent,test,,,False,False,False,True,False,False,historical_only_unverified,historical_pointer_only,,29,,False,no frozen-checkpoint prediction scores available in active canonical calibration artifacts
7OAP,unknown,archive/historical_desktop_gnn_pcna_202605_phase2_phase4/data/labels/label_manifest.json,True,False,historical/incompatible or absent,train-3,,,False,True,False,False,False,False,historical_only_unverified,historical_pointer_only,,5,,False,no frozen-checkpoint prediction scores available in active canonical calibration artifacts
7OPP,unknown,archive/historical_desktop_gnn_pcna_202605_phase2_phase4/data/labels/label_manifest.json,True,False,historical/incompatible or absent,train-0,,,False,True,False,False,False,False,historical_only_unverified,historical_pointer_only,,10,,False,no frozen-checkpoint prediction scores available in active canonical calibration artifacts
7OUE,unknown,archive/historical_desktop_gnn_pcna_202605_phase2_phase4/data/labels/label_manifest.json,True,False,historical/incompatible or absent,train-0,,,False,True,False,False,False,False,historical_only_unverified,historical_pointer_only,,15,,False,no frozen-checkpoint prediction scores available in active canonical calibration artifacts
7OUM,unknown,archive/historical_desktop_gnn_pcna_202605_phase2_phase4/data/labels/label_manifest.json,True,False,historical/incompatible or absent,train-3,,,False,True,False,False,False,False,historical_only_unverified,historical_pointer_only,,52,,False,no frozen-checkpoint prediction scores available in active canonical calibration artifacts
7P2T,unknown,archive/historical_desktop_gnn_pcna_202605_phase2_phase4/data/labels/label_manifest.json,True,False,historical/incompatible or absent,train-0,,,False,True,False,False,False,False,historical_only_unverified,historical_pointer_only,,0,,False,no frozen-checkpoint prediction scores available in active canonical calibration artifacts
7P75,unknown,archive/historical_desktop_gnn_pcna_202605_phase2_phase4/data/labels/label_manifest.json,True,False,historical/incompatible or absent,train-2,,,False,True,False,False,False,False,historical_only_unverified,historical_pointer_only,,16,,False,no frozen-checkpoint prediction scores available in active canonical calibration artifacts
7PA0,unknown,archive/historical_desktop_gnn_pcna_202605_phase2_phase4/data/labels/label_manifest.json,True,False,historical/incompatible or absent,train-2,,,False,True,False,False,False,False,historical_only_unverified,historical_pointer_only,,8,,False,no frozen-checkpoint prediction scores available in active canonical calibration artifacts
7PIZ,unknown,archive/historical_desktop_gnn_pcna_202605_phase2_phase4/data/labels/label_manifest.json,True,False,historical/incompatible or absent,train-3,,,False,True,False,False,False,False,historical_only_unverified,historical_pointer_only,,14,,False,no frozen-checkpoint prediction scores available in active canonical calibration artifacts
7PLD,unknown,archive/historical_desktop_gnn_pcna_202605_phase2_phase4/data/labels/label_manifest.json,True,False,historical/incompatible or absent,train-3,,,False,True,False,False,False,False,historical_only_unverified,historical_pointer_only,,9,,False,no frozen-checkpoint prediction scores available in active canonical calibration artifacts
7POQ,unknown,archive/historical_desktop_gnn_pcna_202605_phase2_phase4/data/labels/label_manifest.json,True,False,historical/incompatible or absent,train-2,,,False,True,False,False,False,False,historical_only_unverified,historical_pointer_only,,9,,False,no frozen-checkpoint prediction scores available in active canonical calibration artifacts
7PSJ,unknown,archive/historical_desktop_gnn_pcna_202605_phase2_phase4/data/labels/label_manifest.json,True,False,historical/incompatible or absent,train-2,,,False,True,False,False,False,False,historical_only_unverified,historical_pointer_only,,8,,False,no frozen-checkpoint prediction scores available in active canonical calibration artifacts
7PXP,unknown,archive/historical_desktop_gnn_pcna_202605_phase2_phase4/data/labels/label_manifest.json,True,False,historical/incompatible or absent,train-0,,,False,True,False,False,False,False,historical_only_unverified,historical_pointer_only,,0,,False,no frozen-checkpoint prediction scores available in active canonical calibration artifacts
7Q00,unknown,archive/historical_desktop_gnn_pcna_202605_phase2_phase4/data/labels/label_manifest.json,True,False,historical/incompatible or absent,train-0,,,False,True,False,False,False,False,historical_only_unverified,historical_pointer_only,,0,,False,no frozen-checkpoint prediction scores available in active canonical calibration artifacts
7Q91,unknown,archive/historical_desktop_gnn_pcna_202605_phase2_phase4/data/labels/label_manifest.json,True,False,historical/incompatible or absent,train-0,,,False,True,False,False,False,False,historical_only_unverified,historical_pointer_only,,0,,False,no frozen-checkpoint prediction scores available in active canonical calibration artifacts
7QLU,unknown,archive/historical_desktop_gnn_pcna_202605_phase2_phase4/data/labels/label_manifest.json,True,False,historical/incompatible or absent,train-0,,,False,True,False,False,False,False,historical_only_unverified,historical_pointer_only,,28,,False,no frozen-checkpoint prediction scores available in active canonical calibration artifacts
7QNI,unknown,archive/historical_desktop_gnn_pcna_202605_phase2_phase4/data/labels/label_manifest.json,True,False,historical/incompatible or absent,train-0,,,False,True,False,False,False,False,historical_only_unverified,historical_pointer_only,,50,,False,no frozen-checkpoint prediction scores available in active canonical calibration artifacts
7QOQ,unknown,archive/historical_desktop_gnn_pcna_202605_phase2_phase4/data/labels/label_manifest.json,True,False,historical/incompatible or absent,test,,,False,False,False,True,False,False,historical_only_unverified,historical_pointer_only,,10,,False,no frozen-checkpoint prediction scores available in active canonical calibration artifacts
7QZR,unknown,archive/historical_desktop_gnn_pcna_202605_phase2_phase4/data/labels/label_manifest.json,True,False,historical/incompatible or absent,test,,,False,False,False,True,False,False,historical_only_unverified,historical_pointer_only,,3,,False,no frozen-checkpoint prediction scores available in active canonical calibration artifacts
7R00,unknown,archive/historical_desktop_gnn_pcna_202605_phase2_phase4/data/labels/label_manifest.json,True,False,historical/incompatible or absent,train-1,,,False,True,False,False,False,False,historical_only_unverified,historical_pointer_only,,6,,False,no frozen-checkpoint prediction scores available in active canonical calibration artifacts
7R51,unknown,archive/historical_desktop_gnn_pcna_202605_phase2_phase4/data/labels/label_manifest.json,True,False,historical/incompatible or absent,train-2,,,False,True,False,False,False,False,historical_only_unverified,historical_pointer_only,,16,,False,no frozen-checkpoint prediction scores available in active canonical calibration artifacts
7RAW,unknown,archive/historical_desktop_gnn_pcna_202605_phase2_phase4/data/labels/label_manifest.json,True,False,historical/incompatible or absent,train-3,,,False,True,False,False,False,False,historical_only_unverified,historical_pointer_only,,7,,False,no frozen-checkpoint prediction scores available in active canonical calibration artifacts
7RX7,unknown,archive/historical_desktop_gnn_pcna_202605_phase2_phase4/data/labels/label_manifest.json,True,False,historical/incompatible or absent,train-2,,,False,True,False,False,False,False,historical_only_unverified,historical_pointer_only,,29,,False,no frozen-checkpoint prediction scores available in active canonical calibration artifacts
7S2N,unknown,archive/historical_desktop_gnn_pcna_202605_phase2_phase4/data/labels/label_manifest.json,True,False,historical/incompatible or absent,train-1,,,False,True,False,False,False,False,historical_only_unverified,historical_pointer_only,,25,,False,no frozen-checkpoint prediction scores available in active canonical calibration artifacts
7S5G,unknown,archive/historical_desktop_gnn_pcna_202605_phase2_phase4/data/labels/label_manifest.json,True,False,historical/incompatible or absent,train-0,,,False,True,False,False,False,False,historical_only_unverified,historical_pointer_only,,7,,False,no frozen-checkpoint prediction scores available in active canonical calibration artifacts
7SE6,unknown,archive/historical_desktop_gnn_pcna_202605_phase2_phase4/data/labels/label_manifest.json,True,False,historical/incompatible or absent,train-0,,,False,True,False,False,False,False,historical_only_unverified,historical_pointer_only,,14,,False,no frozen-checkpoint prediction scores available in active canonical calibration artifacts
7SFG,unknown,archive/historical_desktop_gnn_pcna_202605_phase2_phase4/data/labels/label_manifest.json,True,False,historical/incompatible or absent,train-1,,,False,True,False,False,False,False,historical_only_unverified,historical_pointer_only,,7,,False,no frozen-checkpoint prediction scores available in active canonical calibration artifacts
7SKT,unknown,archive/historical_desktop_gnn_pcna_202605_phase2_phase4/data/labels/label_manifest.json,True,False,historical/incompatible or absent,train-3,,,False,True,False,False,False,False,historical_only_unverified,historical_pointer_only,,26,,False,no frozen-checkpoint prediction scores available in active canonical calibration artifacts
7SO5,unknown,archive/historical_desktop_gnn_pcna_202605_phase2_phase4/data/labels/label_manifest.json,True,False,historical/incompatible or absent,train-2,,,False,True,False,False,False,False,historical_only_unverified,historical_pointer_only,,34,,False,no frozen-checkpoint prediction scores available in active canonical calibration artifacts
7T4Z,unknown,archive/historical_desktop_gnn_pcna_202605_phase2_phase4/data/labels/label_manifest.json,True,False,historical/incompatible or absent,train-3,,,False,True,False,False,False,False,historical_only_unverified,historical_pointer_only,,15,,False,no frozen-checkpoint prediction scores available in active canonical calibration artifacts
7UCV,unknown,archive/historical_desktop_gnn_pcna_202605_phase2_phase4/data/labels/label_manifest.json,True,False,historical/incompatible or absent,train-3,,,False,True,False,False,False,False,historical_only_unverified,historical_pointer_only,,0,,False,no frozen-checkpoint prediction scores available in active canonical calibration artifacts
7UJR,unknown,archive/historical_desktop_gnn_pcna_202605_phase2_phase4/data/labels/label_manifest.json,True,False,historical/incompatible or absent,train-1,,,False,True,False,False,False,False,historical_only_unverified,historical_pointer_only,,16,,False,no frozen-checkpoint prediction scores available in active canonical calibration artifacts
7UVW,unknown,archive/historical_desktop_gnn_pcna_202605_phase2_phase4/data/labels/label_manifest.json,True,False,historical/incompatible or absent,train-0,,,False,True,False,False,False,False,historical_only_unverified,historical_pointer_only,,3,,False,no frozen-checkpoint prediction scores available in active canonical calibration artifacts
7V8K,unknown,archive/historical_desktop_gnn_pcna_202605_phase2_phase4/data/labels/label_manifest.json,True,False,historical/incompatible or absent,test,,,False,False,False,True,False,False,historical_only_unverified,historical_pointer_only,,5,,False,no frozen-checkpoint prediction scores available in active canonical calibration artifacts
7VDA,unknown,archive/historical_desktop_gnn_pcna_202605_phase2_phase4/data/labels/label_manifest.json,True,False,historical/incompatible or absent,train-2,,,False,True,False,False,False,False,historical_only_unverified,historical_pointer_only,,29,,False,no frozen-checkpoint prediction scores available in active canonical calibration artifacts
7VTZ,unknown,archive/historical_desktop_gnn_pcna_202605_phase2_phase4/data/labels/label_manifest.json,True,False,historical/incompatible or absent,train-3,,,False,True,False,False,False,False,historical_only_unverified,historical_pointer_only,,9,,False,no frozen-checkpoint prediction scores available in active canonical calibration artifacts
7VVV,unknown,archive/historical_desktop_gnn_pcna_202605_phase2_phase4/data/labels/label_manifest.json,True,False,historical/incompatible or absent,train-2,,,False,True,False,False,False,False,historical_only_unverified,historical_pointer_only,,23,,False,no frozen-checkpoint prediction scores available in active canonical calibration artifacts
7W19,unknown,archive/historical_desktop_gnn_pcna_202605_phase2_phase4/data/labels/label_manifest.json,True,False,historical/incompatible or absent,test,,,False,False,False,True,False,False,historical_only_unverified,historical_pointer_only,,23,,False,no frozen-checkpoint prediction scores available in active canonical calibration artifacts
7W3E,unknown,archive/historical_desktop_gnn_pcna_202605_phase2_phase4/data/labels/label_manifest.json,True,False,historical/incompatible or absent,train-2,,,False,True,False,False,False,False,historical_only_unverified,historical_pointer_only,,0,,False,no frozen-checkpoint prediction scores available in active canonical calibration artifacts
7WMY,unknown,archive/historical_desktop_gnn_pcna_202605_phase2_phase4/data/labels/label_manifest.json,True,False,historical/incompatible or absent,train-3,,,False,True,False,False,False,False,historical_only_unverified,historical_pointer_only,,22,,False,no frozen-checkpoint prediction scores available in active canonical calibration artifacts
7WYO,unknown,archive/historical_desktop_gnn_pcna_202605_phase2_phase4/data/labels/label_manifest.json,True,False,historical/incompatible or absent,train-1,,,False,True,False,False,False,False,historical_only_unverified,historical_pointer_only,,12,,False,no frozen-checkpoint prediction scores available in active canonical calibration artifacts
7X0F,unknown,archive/historical_desktop_gnn_pcna_202605_phase2_phase4/data/labels/label_manifest.json,True,False,historical/incompatible or absent,test,,,False,False,False,True,False,False,historical_only_unverified,historical_pointer_only,,13,,False,no frozen-checkpoint prediction scores available in active canonical calibration artifacts
7X0G,unknown,archive/historical_desktop_gnn_pcna_202605_phase2_phase4/data/labels/label_manifest.json,True,False,historical/incompatible or absent,test,,,False,False,False,True,False,False,historical_only_unverified,historical_pointer_only,,18,,False,no frozen-checkpoint prediction scores available in active canonical calibration artifacts
7X0I,unknown,archive/historical_desktop_gnn_pcna_202605_phase2_phase4/data/labels/label_manifest.json,True,False,historical/incompatible or absent,test,,,False,False,False,True,False,False,historical_only_unverified,historical_pointer_only,,32,,False,no frozen-checkpoint prediction scores available in active canonical calibration artifacts
7XGF,unknown,archive/historical_desktop_gnn_pcna_202605_phase2_phase4/data/labels/label_manifest.json,True,False,historical/incompatible or absent,test,,,False,False,False,True,False,False,historical_only_unverified,historical_pointer_only,,46,,False,no frozen-checkpoint prediction scores available in active canonical calibration artifacts
7XZN,unknown,archive/historical_desktop_gnn_pcna_202605_phase2_phase4/data/labels/label_manifest.json,True,False,historical/incompatible or absent,train-3,,,False,True,False,False,False,False,historical_only_unverified,historical_pointer_only,,16,,False,no frozen-checkpoint prediction scores available in active canonical calibration artifacts
7Y4C,unknown,archive/historical_desktop_gnn_pcna_202605_phase2_phase4/data/labels/label_manifest.json,True,False,historical/incompatible or absent,train-2,,,False,True,False,False,False,False,historical_only_unverified,historical_pointer_only,,0,,False,no frozen-checkpoint prediction scores available in active canonical calibration artifacts
7YJC,unknown,archive/historical_desktop_gnn_pcna_202605_phase2_phase4/data/labels/label_manifest.json,True,False,historical/incompatible or absent,test,,,False,False,False,True,False,False,historical_only_unverified,historical_pointer_only,,6,,False,no frozen-checkpoint prediction scores available in active canonical calibration artifacts
7YMF,unknown,archive/historical_desktop_gnn_pcna_202605_phase2_phase4/data/labels/label_manifest.json,True,False,historical/incompatible or absent,train-1,,,False,True,False,False,False,False,historical_only_unverified,historical_pointer_only,,23,,False,no frozen-checkpoint prediction scores available in active canonical calibration artifacts
7YV0,unknown,archive/historical_desktop_gnn_pcna_202605_phase2_phase4/data/labels/label_manifest.json,True,False,historical/incompatible or absent,train-1,,,False,True,False,False,False,False,historical_only_unverified,historical_pointer_only,,27,,False,no frozen-checkpoint prediction scores available in active canonical calibration artifacts
7YWJ,unknown,archive/historical_desktop_gnn_pcna_202605_phase2_phase4/data/labels/label_manifest.json,True,False,historical/incompatible or absent,train-1,,,False,True,False,False,False,False,historical_only_unverified,historical_pointer_only,,28,,False,no frozen-checkpoint prediction scores available in active canonical calibration artifacts
7YX7,unknown,archive/historical_desktop_gnn_pcna_202605_phase2_phase4/data/labels/label_manifest.json,True,False,historical/incompatible or absent,train-1,,,False,True,False,False,False,False,historical_only_unverified,historical_pointer_only,,16,,False,no frozen-checkpoint prediction scores available in active canonical calibration artifacts
7YYE,unknown,archive/historical_desktop_gnn_pcna_202605_phase2_phase4/data/labels/label_manifest.json,True,False,historical/incompatible or absent,train-1,,,False,True,False,False,False,False,historical_only_unverified,historical_pointer_only,,0,,False,no frozen-checkpoint prediction scores available in active canonical calibration artifacts
7YZQ,unknown,archive/historical_desktop_gnn_pcna_202605_phase2_phase4/data/labels/label_manifest.json,True,False,historical/incompatible or absent,train-0,,,False,True,False,False,False,False,historical_only_unverified,historical_pointer_only,,0,,False,no frozen-checkpoint prediction scores available in active canonical calibration artifacts
7ZZO,unknown,archive/historical_desktop_gnn_pcna_202605_phase2_phase4/data/labels/label_manifest.json,True,False,historical/incompatible or absent,train-3,,,False,True,False,False,False,False,historical_only_unverified,historical_pointer_only,,0,,False,no frozen-checkpoint prediction scores available in active canonical calibration artifacts
7ZZX,unknown,archive/historical_desktop_gnn_pcna_202605_phase2_phase4/data/labels/label_manifest.json,True,False,historical/incompatible or absent,train-2,,,False,True,False,False,False,False,historical_only_unverified,historical_pointer_only,,29,,False,no frozen-checkpoint prediction scores available in active canonical calibration artifacts
8A74,unknown,archive/historical_desktop_gnn_pcna_202605_phase2_phase4/data/labels/label_manifest.json,True,False,historical/incompatible or absent,train-2,,,False,True,False,False,False,False,historical_only_unverified,historical_pointer_only,,16,,False,no frozen-checkpoint prediction scores available in active canonical calibration artifacts
8ABU,unknown,archive/historical_desktop_gnn_pcna_202605_phase2_phase4/data/labels/label_manifest.json,True,False,historical/incompatible or absent,train-3,,,False,True,False,False,False,False,historical_only_unverified,historical_pointer_only,,19,,False,no frozen-checkpoint prediction scores available in active canonical calibration artifacts
8AEQ,unknown,archive/historical_desktop_gnn_pcna_202605_phase2_phase4/data/labels/label_manifest.json,True,False,historical/incompatible or absent,test,,,False,False,False,True,False,False,historical_only_unverified,historical_pointer_only,,8,,False,no frozen-checkpoint prediction scores available in active canonical calibration artifacts
8AQI,unknown,archive/historical_desktop_gnn_pcna_202605_phase2_phase4/data/labels/label_manifest.json,True,False,historical/incompatible or absent,test,,,False,False,False,True,False,False,historical_only_unverified,historical_pointer_only,,14,,False,no frozen-checkpoint prediction scores available in active canonical calibration artifacts
8AZB,unknown,archive/historical_desktop_gnn_pcna_202605_phase2_phase4/data/labels/label_manifest.json,True,False,historical/incompatible or absent,train-3,,,False,True,False,False,False,False,historical_only_unverified,historical_pointer_only,,30,,False,no frozen-checkpoint prediction scores available in active canonical calibration artifacts
8B9P,unknown,archive/historical_desktop_gnn_pcna_202605_phase2_phase4/data/labels/label_manifest.json,True,False,historical/incompatible or absent,test,,,False,False,False,True,False,False,historical_only_unverified,historical_pointer_only,,5,,False,no frozen-checkpoint prediction scores available in active canonical calibration artifacts
8BBC,unknown,archive/historical_desktop_gnn_pcna_202605_phase2_phase4/data/labels/label_manifest.json,True,False,historical/incompatible or absent,train-1,,,False,True,False,False,False,False,historical_only_unverified,historical_pointer_only,,6,,False,no frozen-checkpoint prediction scores available in active canonical calibration artifacts
8BDI,unknown,archive/historical_desktop_gnn_pcna_202605_phase2_phase4/data/labels/label_manifest.json,True,False,historical/incompatible or absent,train-3,,,False,True,False,False,False,False,historical_only_unverified,historical_pointer_only,,3,,False,no frozen-checkpoint prediction scores available in active canonical calibration artifacts
8BP9,unknown,archive/historical_desktop_gnn_pcna_202605_phase2_phase4/data/labels/label_manifest.json,True,False,historical/incompatible or absent,train-3,,,False,True,False,False,False,False,historical_only_unverified,historical_pointer_only,,12,,False,no frozen-checkpoint prediction scores available in active canonical calibration artifacts
8BRE,unknown,archive/historical_desktop_gnn_pcna_202605_phase2_phase4/data/labels/label_manifest.json,True,False,historical/incompatible or absent,test,,,False,False,False,True,False,False,historical_only_unverified,historical_pointer_only,,17,,False,no frozen-checkpoint prediction scores available in active canonical calibration artifacts
8C3U,unknown,archive/historical_desktop_gnn_pcna_202605_phase2_phase4/data/labels/label_manifest.json,True,False,historical/incompatible or absent,train-0,,,False,True,False,False,False,False,historical_only_unverified,historical_pointer_only,,13,,False,no frozen-checkpoint prediction scores available in active canonical calibration artifacts
8CFB,unknown,archive/historical_desktop_gnn_pcna_202605_phase2_phase4/data/labels/label_manifest.json,True,False,historical/incompatible or absent,train-1,,,False,True,False,False,False,False,historical_only_unverified,historical_pointer_only,,7,,False,no frozen-checkpoint prediction scores available in active canonical calibration artifacts
8CN8,unknown,archive/historical_desktop_gnn_pcna_202605_phase2_phase4/data/labels/label_manifest.json,True,False,historical/incompatible or absent,train-3,,,False,True,False,False,False,False,historical_only_unverified,historical_pointer_only,,6,,False,no frozen-checkpoint prediction scores available in active canonical calibration artifacts
8COB,unknown,results/per_structure/summary_table.csv,False,False,absent,,,,True,False,False,False,True,True,none,historical_pointer_only,,,,False,PCNA/PCNA-family structure; forbidden for independent extraction selection
8CQL,unknown,archive/historical_desktop_gnn_pcna_202605_phase2_phase4/data/labels/label_manifest.json,True,False,historical/incompatible or absent,train-1,,,False,True,False,False,False,False,historical_only_unverified,historical_pointer_only,,8,,False,no frozen-checkpoint prediction scores available in active canonical calibration artifacts
8DEN,unknown,archive/historical_desktop_gnn_pcna_202605_phase2_phase4/data/labels/label_manifest.json,True,False,historical/incompatible or absent,train-3,,,False,True,False,False,False,False,historical_only_unverified,historical_pointer_only,,0,,False,no frozen-checkpoint prediction scores available in active canonical calibration artifacts
8DFN,unknown,archive/historical_desktop_gnn_pcna_202605_phase2_phase4/data/labels/label_manifest.json,True,False,historical/incompatible or absent,train-3,,,False,True,False,False,False,False,historical_only_unverified,historical_pointer_only,,0,,False,no frozen-checkpoint prediction scores available in active canonical calibration artifacts
8DUF,unknown,archive/historical_desktop_gnn_pcna_202605_phase2_phase4/data/labels/label_manifest.json,True,False,historical/incompatible or absent,train-3,,,False,True,False,False,False,False,historical_only_unverified,historical_pointer_only,,18,,False,no frozen-checkpoint prediction scores available in active canonical calibration artifacts
8E1J,unknown,archive/historical_desktop_gnn_pcna_202605_phase2_phase4/data/labels/label_manifest.json,True,False,historical/incompatible or absent,train-0,,,False,True,False,False,False,False,historical_only_unverified,historical_pointer_only,,21,,False,no frozen-checkpoint prediction scores available in active canonical calibration artifacts
8E84,unknown,results/per_structure/summary_table.csv,False,False,absent,,,,True,False,False,False,True,True,none,historical_pointer_only,,,,False,PCNA/PCNA-family structure; forbidden for independent extraction selection
8ELM,unknown,archive/historical_desktop_gnn_pcna_202605_phase2_phase4/data/labels/label_manifest.json,True,False,historical/incompatible or absent,train-3,,,False,True,False,False,False,False,historical_only_unverified,historical_pointer_only,,23,,False,no frozen-checkpoint prediction scores available in active canonical calibration artifacts
8EVV,unknown,archive/historical_desktop_gnn_pcna_202605_phase2_phase4/data/labels/label_manifest.json,True,False,historical/incompatible or absent,train-3,,,False,True,False,False,False,False,historical_only_unverified,historical_pointer_only,,36,,False,no frozen-checkpoint prediction scores available in active canonical calibration artifacts
8EZS,unknown,archive/historical_desktop_gnn_pcna_202605_phase2_phase4/data/labels/label_manifest.json,True,False,historical/incompatible or absent,train-1,,,False,True,False,False,False,False,historical_only_unverified,historical_pointer_only,,22,,False,no frozen-checkpoint prediction scores available in active canonical calibration artifacts
8F5Q,unknown,results/per_structure/summary_table.csv,False,False,absent,,,,True,False,False,False,True,True,none,historical_pointer_only,,,,False,PCNA/PCNA-family structure; forbidden for independent extraction selection
8FMU,unknown,archive/historical_desktop_gnn_pcna_202605_phase2_phase4/data/labels/label_manifest.json,True,False,historical/incompatible or absent,train-2,,,False,True,False,False,False,False,historical_only_unverified,historical_pointer_only,,18,,False,no frozen-checkpoint prediction scores available in active canonical calibration artifacts
8G25,unknown,archive/historical_desktop_gnn_pcna_202605_phase2_phase4/data/labels/label_manifest.json,True,False,historical/incompatible or absent,train-0,,,False,True,False,False,False,False,historical_only_unverified,historical_pointer_only,,7,,False,no frozen-checkpoint prediction scores available in active canonical calibration artifacts
8GCJ,unknown,results/per_structure/summary_table.csv,False,False,absent,,,,True,False,False,False,True,True,none,historical_pointer_only,,,,False,PCNA/PCNA-family structure; forbidden for independent extraction selection
8GHC,unknown,archive/historical_desktop_gnn_pcna_202605_phase2_phase4/data/labels/label_manifest.json,True,False,historical/incompatible or absent,train-2,,,False,True,False,False,False,False,historical_only_unverified,historical_pointer_only,,15,,False,no frozen-checkpoint prediction scores available in active canonical calibration artifacts
8GL9,unknown,results/per_structure/summary_table.csv,False,False,absent,,,,True,False,False,False,True,True,none,historical_pointer_only,,,,False,PCNA/PCNA-family structure; forbidden for independent extraction selection
8GLA,A:236;B:240;C:234;D:242,data/raw/8GLA.pdb,False,False,absent,,,,True,False,False,False,True,True,none,structure_only,,,,False,PCNA/PCNA-family structure; forbidden for independent extraction selection
8GW3,unknown,archive/historical_desktop_gnn_pcna_202605_phase2_phase4/data/labels/label_manifest.json,True,False,historical/incompatible or absent,train-2,,,False,True,False,False,False,False,historical_only_unverified,historical_pointer_only,,40,,False,no frozen-checkpoint prediction scores available in active canonical calibration artifacts
8GXJ,unknown,archive/historical_desktop_gnn_pcna_202605_phase2_phase4/data/labels/label_manifest.json,True,False,historical/incompatible or absent,test,,,False,False,False,True,False,False,historical_only_unverified,historical_pointer_only,,0,,False,no frozen-checkpoint prediction scores available in active canonical calibration artifacts
8H0N,unknown,archive/historical_desktop_gnn_pcna_202605_phase2_phase4/data/labels/label_manifest.json,True,False,historical/incompatible or absent,train-1,,,False,True,False,False,False,False,historical_only_unverified,historical_pointer_only,,21,,False,no frozen-checkpoint prediction scores available in active canonical calibration artifacts
8H27,unknown,archive/historical_desktop_gnn_pcna_202605_phase2_phase4/data/labels/label_manifest.json,True,False,historical/incompatible or absent,test,,,False,False,False,True,False,False,historical_only_unverified,historical_pointer_only,,27,,False,no frozen-checkpoint prediction scores available in active canonical calibration artifacts
8H49,unknown,archive/historical_desktop_gnn_pcna_202605_phase2_phase4/data/labels/label_manifest.json,True,False,historical/incompatible or absent,test,,,False,False,False,True,False,False,historical_only_unverified,historical_pointer_only,,0,,False,no frozen-checkpoint prediction scores available in active canonical calibration artifacts
8H6P,unknown,archive/historical_desktop_gnn_pcna_202605_phase2_phase4/data/labels/label_manifest.json,True,False,historical/incompatible or absent,train-1,,,False,True,False,False,False,False,historical_only_unverified,historical_pointer_only,,0,,False,no frozen-checkpoint prediction scores available in active canonical calibration artifacts
8HS6,unknown,archive/historical_desktop_gnn_pcna_202605_phase2_phase4/data/labels/label_manifest.json,True,False,historical/incompatible or absent,train-1,,,False,True,False,False,False,False,historical_only_unverified,historical_pointer_only,,28,,False,no frozen-checkpoint prediction scores available in active canonical calibration artifacts
8HYN,unknown,archive/historical_desktop_gnn_pcna_202605_phase2_phase4/data/labels/label_manifest.json,True,False,historical/incompatible or absent,train-0,,,False,True,False,False,False,False,historical_only_unverified,historical_pointer_only,,13,,False,no frozen-checkpoint prediction scores available in active canonical calibration artifacts
8I7X,unknown,archive/historical_desktop_gnn_pcna_202605_phase2_phase4/data/labels/label_manifest.json,True,False,historical/incompatible or absent,train-3,,,False,True,False,False,False,False,historical_only_unverified,historical_pointer_only,,13,,False,no frozen-checkpoint prediction scores available in active canonical calibration artifacts
8I84,unknown,archive/historical_desktop_gnn_pcna_202605_phase2_phase4/data/labels/label_manifest.json,True,False,historical/incompatible or absent,test,,,False,False,False,True,False,False,historical_only_unverified,historical_pointer_only,,19,,False,no frozen-checkpoint prediction scores available in active canonical calibration artifacts
8IAS,unknown,archive/historical_desktop_gnn_pcna_202605_phase2_phase4/data/labels/label_manifest.json,True,False,historical/incompatible or absent,test,,,False,False,False,True,False,False,historical_only_unverified,historical_pointer_only,,18,,False,no frozen-checkpoint prediction scores available in active canonical calibration artifacts
8IXP,unknown,archive/historical_desktop_gnn_pcna_202605_phase2_phase4/data/labels/label_manifest.json,True,False,historical/incompatible or absent,train-1,,,False,True,False,False,False,False,historical_only_unverified,historical_pointer_only,,29,,False,no frozen-checkpoint prediction scores available in active canonical calibration artifacts
8IY0,unknown,archive/historical_desktop_gnn_pcna_202605_phase2_phase4/data/labels/label_manifest.json,True,False,historical/incompatible or absent,train-1,,,False,True,False,False,False,False,historical_only_unverified,historical_pointer_only,,14,,False,no frozen-checkpoint prediction scores available in active canonical calibration artifacts
8J11,unknown,archive/historical_desktop_gnn_pcna_202605_phase2_phase4/data/labels/label_manifest.json,True,False,historical/incompatible or absent,test,,,False,False,False,True,False,False,historical_only_unverified,historical_pointer_only,,3,,False,no frozen-checkpoint prediction scores available in active canonical calibration artifacts
8J1K,unknown,archive/historical_desktop_gnn_pcna_202605_phase2_phase4/data/labels/label_manifest.json,True,False,historical/incompatible or absent,train-1,,,False,True,False,False,False,False,historical_only_unverified,historical_pointer_only,,14,,False,no frozen-checkpoint prediction scores available in active canonical calibration artifacts
8JIS,unknown,archive/historical_desktop_gnn_pcna_202605_phase2_phase4/data/labels/label_manifest.json,True,False,historical/incompatible or absent,train-0,,,False,True,False,False,False,False,historical_only_unverified,historical_pointer_only,,25,,False,no frozen-checkpoint prediction scores available in active canonical calibration artifacts
8JQK,unknown,archive/historical_desktop_gnn_pcna_202605_phase2_phase4/data/labels/label_manifest.json,True,False,historical/incompatible or absent,train-3,,,False,True,False,False,False,False,historical_only_unverified,historical_pointer_only,,12,,False,no frozen-checkpoint prediction scores available in active canonical calibration artifacts
8JZI,unknown,archive/historical_desktop_gnn_pcna_202605_phase2_phase4/data/labels/label_manifest.json,True,False,historical/incompatible or absent,train-0,,,False,True,False,False,False,False,historical_only_unverified,historical_pointer_only,,0,,False,no frozen-checkpoint prediction scores available in active canonical calibration artifacts
8OGR,unknown,archive/historical_desktop_gnn_pcna_202605_phase2_phase4/data/labels/label_manifest.json,True,False,historical/incompatible or absent,train-3,,,False,True,False,False,False,False,historical_only_unverified,historical_pointer_only,,12,,False,no frozen-checkpoint prediction scores available in active canonical calibration artifacts
8ONN,unknown,archive/historical_desktop_gnn_pcna_202605_phase2_phase4/data/labels/label_manifest.json,True,False,historical/incompatible or absent,test,,,False,False,False,True,False,False,historical_only_unverified,historical_pointer_only,,22,,False,no frozen-checkpoint prediction scores available in active canonical calibration artifacts
8PFP,unknown,archive/historical_desktop_gnn_pcna_202605_phase2_phase4/data/labels/label_manifest.json,True,False,historical/incompatible or absent,train-3,,,False,True,False,False,False,False,historical_only_unverified,historical_pointer_only,,22,,False,no frozen-checkpoint prediction scores available in active canonical calibration artifacts
8PQS,unknown,archive/historical_desktop_gnn_pcna_202605_phase2_phase4/data/labels/label_manifest.json,True,False,historical/incompatible or absent,train-3,,,False,True,False,False,False,False,historical_only_unverified,historical_pointer_only,,0,,False,no frozen-checkpoint prediction scores available in active canonical calibration artifacts
8PZM,unknown,archive/historical_desktop_gnn_pcna_202605_phase2_phase4/data/labels/label_manifest.json,True,False,historical/incompatible or absent,train-1,,,False,True,False,False,False,False,historical_only_unverified,historical_pointer_only,,16,,False,no frozen-checkpoint prediction scores available in active canonical calibration artifacts
8R43,unknown,archive/historical_desktop_gnn_pcna_202605_phase2_phase4/data/labels/label_manifest.json,True,False,historical/incompatible or absent,train-2,,,False,True,False,False,False,False,historical_only_unverified,historical_pointer_only,,8,,False,no frozen-checkpoint prediction scores available in active canonical calibration artifacts
8S32,unknown,archive/historical_desktop_gnn_pcna_202605_phase2_phase4/data/labels/label_manifest.json,True,False,historical/incompatible or absent,train-1,,,False,True,False,False,False,False,historical_only_unverified,historical_pointer_only,,27,,False,no frozen-checkpoint prediction scores available in active canonical calibration artifacts
8SC0,unknown,archive/historical_desktop_gnn_pcna_202605_phase2_phase4/data/labels/label_manifest.json,True,False,historical/incompatible or absent,train-3,,,False,True,False,False,False,False,historical_only_unverified,historical_pointer_only,,11,,False,no frozen-checkpoint prediction scores available in active canonical calibration artifacts
8SLB,unknown,archive/historical_desktop_gnn_pcna_202605_phase2_phase4/data/labels/label_manifest.json,True,False,historical/incompatible or absent,train-0,,,False,True,False,False,False,False,historical_only_unverified,historical_pointer_only,,32,,False,no frozen-checkpoint prediction scores available in active canonical calibration artifacts
8SXW,unknown,archive/historical_desktop_gnn_pcna_202605_phase2_phase4/data/labels/label_manifest.json,True,False,historical/incompatible or absent,train-1,,,False,True,False,False,False,False,historical_only_unverified,historical_pointer_only,,35,,False,no frozen-checkpoint prediction scores available in active canonical calibration artifacts
8T2L,unknown,archive/historical_desktop_gnn_pcna_202605_phase2_phase4/data/labels/label_manifest.json,True,False,historical/incompatible or absent,train-0,,,False,True,False,False,False,False,historical_only_unverified,historical_pointer_only,,8,,False,no frozen-checkpoint prediction scores available in active canonical calibration artifacts
8U3N,unknown,archive/historical_desktop_gnn_pcna_202605_phase2_phase4/data/labels/label_manifest.json,True,False,historical/incompatible or absent,test,,,False,False,False,True,False,False,historical_only_unverified,historical_pointer_only,,8,,False,no frozen-checkpoint prediction scores available in active canonical calibration artifacts
8UI8,unknown,results/per_structure/summary_table.csv,False,False,absent,,,,True,False,False,False,True,True,none,historical_pointer_only,,,,False,PCNA/PCNA-family structure; forbidden for independent extraction selection
8UI9,unknown,results/per_structure/summary_table.csv,False,False,absent,,,,True,False,False,False,True,True,none,historical_pointer_only,,,,False,PCNA/PCNA-family structure; forbidden for independent extraction selection
8UMT,unknown,results/per_structure/summary_table.csv,False,False,absent,,,,True,False,False,False,True,True,none,historical_pointer_only,,,,False,PCNA/PCNA-family structure; forbidden for independent extraction selection
8UMU,unknown,results/per_structure/summary_table.csv,False,False,absent,,,,True,False,False,False,True,True,none,historical_pointer_only,,,,False,PCNA/PCNA-family structure; forbidden for independent extraction selection
8UMY,unknown,results/per_structure/summary_table.csv,False,False,absent,,,,True,False,False,False,True,True,none,historical_pointer_only,,,,False,PCNA/PCNA-family structure; forbidden for independent extraction selection
8UN0,unknown,results/per_structure/summary_table.csv,False,False,absent,,,,True,False,False,False,True,True,none,historical_pointer_only,,,,False,PCNA/PCNA-family structure; forbidden for independent extraction selection
8VDY,unknown,archive/historical_desktop_gnn_pcna_202605_phase2_phase4/data/labels/label_manifest.json,True,False,historical/incompatible or absent,train-3,,,False,True,False,False,False,False,historical_only_unverified,historical_pointer_only,,12,,False,no frozen-checkpoint prediction scores available in active canonical calibration artifacts
8VXU,unknown,archive/historical_desktop_gnn_pcna_202605_phase2_phase4/data/labels/label_manifest.json,True,False,historical/incompatible or absent,test,,,False,False,False,True,False,False,historical_only_unverified,historical_pointer_only,,8,,False,no frozen-checkpoint prediction scores available in active canonical calibration artifacts
8WL5,unknown,archive/historical_desktop_gnn_pcna_202605_phase2_phase4/data/labels/label_manifest.json,True,False,historical/incompatible or absent,train-1,,,False,True,False,False,False,False,historical_only_unverified,historical_pointer_only,,14,,False,no frozen-checkpoint prediction scores available in active canonical calibration artifacts
9ATC,unknown,archive/historical_desktop_gnn_pcna_202605_phase2_phase4/data/labels/label_manifest.json,True,False,historical/incompatible or absent,test,,,False,False,False,True,False,False,historical_only_unverified,historical_pointer_only,,21,,False,no frozen-checkpoint prediction scores available in active canonical calibration artifacts
9B8T,unknown,results/per_structure/summary_table.csv,False,False,absent,,,,True,False,False,False,True,True,none,historical_pointer_only,,,,False,PCNA/PCNA-family structure; forbidden for independent extraction selection
9BHR,unknown,archive/historical_desktop_gnn_pcna_202605_phase2_phase4/data/labels/label_manifest.json,True,False,historical/incompatible or absent,train-2,,,False,True,False,False,False,False,historical_only_unverified,historical_pointer_only,,15,,False,no frozen-checkpoint prediction scores available in active canonical calibration artifacts
9CG4,unknown,results/per_structure/summary_table.csv,False,False,absent,,,,True,False,False,False,True,True,none,historical_pointer_only,,,,False,PCNA/PCNA-family structure; forbidden for independent extraction selection
9CHM,unknown,results/per_structure/summary_table.csv,False,False,absent,,,,True,False,False,False,True,True,none,historical_pointer_only,,,,False,PCNA/PCNA-family structure; forbidden for independent extraction selection
9EOA,unknown,results/per_structure/summary_table.csv,False,False,absent,,,,True,False,False,False,True,True,none,historical_pointer_only,,,,False,PCNA/PCNA-family structure; forbidden for independent extraction selection
9GY0,unknown,results/per_structure/summary_table.csv,False,False,absent,,,,True,False,False,False,True,True,none,historical_pointer_only,,,,False,PCNA/PCNA-family structure; forbidden for independent extraction selection
9N3L,unknown,results/per_structure/summary_table.csv,False,False,absent,,,,True,False,False,False,True,True,none,historical_pointer_only,,,,False,PCNA/PCNA-family structure; forbidden for independent extraction selection
