chain,pair,mean_A,std_A,min_A,max_A,range_A
0,44-251,9.314509391784668,0.25123119354248047,8.719483375549316,10.118000030517578,1.3985166549682617
0,122-232,29.1102294921875,1.3960570096969604,25.935895919799805,32.61985397338867,6.683958053588867
0,128-252,13.101330757141113,0.8223266005516052,10.441879272460938,15.445185661315918,5.0033063888549805
0,42-234,16.879615783691406,0.30328840017318726,16.057693481445312,18.07400894165039,2.016315460205078
1,44-251,9.431495666503906,0.23124735057353973,8.778751373291016,10.057106018066406,1.2783546447753906
1,122-232,30.490102767944336,0.8524389863014221,28.23347282409668,32.85261535644531,4.619142532348633
1,128-252,11.595441818237305,0.6286836266517639,10.409503936767578,13.42250919342041,3.013005256652832
1,42-234,16.678478240966797,0.287181556224823,15.894472122192383,17.52297019958496,1.6284980773925781
2,44-251,9.445440292358398,0.28396302461624146,8.715065002441406,10.271547317504883,1.5564823150634766
2,122-232,28.464521408081055,0.9602266550064087,26.108688354492188,31.126937866210938,5.01824951171875
2,128-252,11.515938758850098,1.0120618343353271,10.06026840209961,14.478525161743164,4.418256759643555
2,42-234,16.591236114501953,0.40407735109329224,15.647493362426758,17.687423706054688,2.0399303436279297
