replicate,window,status,incomplete_replicate,residue_start,residue_end,n_ca_atoms,mean_rmsf_nm,max_rmsf_nm
replicate_01,239-243,ok,False,239,243,15,0.08124613761901855,0.11024336516857147
replicate_01,28-32,ok,False,28,32,15,0.0811576321721077,0.09852808713912964
replicate_01,206-210,ok,False,206,210,15,0.0740649476647377,0.08559565991163254
replicate_01,134-138,ok,False,134,138,15,0.08387935906648636,0.13201358914375305
replicate_01,118-122_reference,ok,False,118,122,15,0.1257048398256302,0.28453612327575684
replicate_02,239-243,ok,True,239,243,15,0.08955369889736176,0.14108522236347198
replicate_02,28-32,ok,True,28,32,15,0.07699146866798401,0.10680403560400009
replicate_02,206-210,ok,True,206,210,15,0.06430764496326447,0.07225626707077026
replicate_02,134-138,ok,True,134,138,15,0.0741662085056305,0.1051754504442215
replicate_02,118-122_reference,ok,True,118,122,15,0.10693042725324631,0.1717066913843155
