{"apo_pdb_id": "3bv9", "chain": "B", "fold": "train-0", "pocket_token_count": 29, "positive_count": 23, "masked_count": 6, "remapped_count": 0, "fraction_masked": 0.20689655172413793, "labels": {"B_148": 1, "B_149": 1, "B_149A": -1, "B_149B": -1, "B_174": 1, "B_189": 1, "B_190": 1, "B_191": 1, "B_192": 1, "B_193": 1, "B_194": 1, "B_195": 1, "B_213": 1, "B_214": 1, "B_215": 1, "B_216": 1, "B_217": 1, "B_219": 1, "B_220": 1, "B_226": 1, "B_227": 1, "B_42": 1, "B_57": 1, "B_60A": -1, "B_60D": -1, "B_60F": -1, "B_97A": -1, "B_98": 1, "B_99": 1}, "generated_at": "2026-05-27T23:43:16.365843", "governance": "docs/scientific_governance/06_LABELING_RULES.md"}