{"apo_pdb_id": "3oy6", "chain": "U", "fold": "train-2", "pocket_token_count": 21, "positive_count": 19, "masked_count": 2, "remapped_count": 0, "fraction_masked": 0.09523809523809523, "labels": {"U_189": 1, "U_190": 1, "U_191": 1, "U_192": 1, "U_193": 1, "U_195": 1, "U_213": 1, "U_214": 1, "U_215": 1, "U_216": 1, "U_217": 1, "U_219": 1, "U_220": 1, "U_221": 1, "U_226": 1, "U_57": 1, "U_97": 1, "U_97A": -1, "U_97B": -1, "U_98": 1, "U_99": 1}, "generated_at": "2026-05-27T23:43:17.128946", "governance": "docs/scientific_governance/06_LABELING_RULES.md"}